-- phpMyAdmin SQL Dump
-- version 5.2.1
-- https://www.phpmyadmin.net/
--
-- Хост: 127.0.0.1
-- Час створення: Січ 07 2024 р., 00:28
-- Версія сервера: 10.4.32-MariaDB
-- Версія PHP: 8.2.12

SET SQL_MODE = "NO_AUTO_VALUE_ON_ZERO";
START TRANSACTION;
SET time_zone = "+00:00";


/*!40101 SET @OLD_CHARACTER_SET_CLIENT=@@CHARACTER_SET_CLIENT */;
/*!40101 SET @OLD_CHARACTER_SET_RESULTS=@@CHARACTER_SET_RESULTS */;
/*!40101 SET @OLD_COLLATION_CONNECTION=@@COLLATION_CONNECTION */;
/*!40101 SET NAMES utf8mb4 */;

--
-- База даних: `music_store`
--

-- --------------------------------------------------------

--
-- Структура таблиці `admins`
--

CREATE TABLE `admins` (
  `id` bigint(20) UNSIGNED NOT NULL,
  `name` varchar(50) NOT NULL,
  `surname` varchar(50) NOT NULL,
  `patronymic` varchar(50) NOT NULL,
  `email` varchar(50) NOT NULL,
  `phone` varchar(13) NOT NULL,
  `password` varchar(20) NOT NULL
) ENGINE=InnoDB DEFAULT CHARSET=utf8mb4 COLLATE=utf8mb4_general_ci;

--
-- Дамп даних таблиці `admins`
--

INSERT INTO `admins` (`id`, `name`, `surname`, `patronymic`, `email`, `phone`, `password`) VALUES
(1, 'Оззі', 'Озборн', 'Блексабатович', 'Osborn@gmail.com', '+380111111111', 'qwerty'),
(2, 'Джеймс', 'Хетфілд', 'Металікович', 'Metla@gmail.com', '+380222222222', '12345');

-- --------------------------------------------------------

--
-- Структура таблиці `categories`
--

CREATE TABLE `categories` (
  `id` bigint(20) UNSIGNED NOT NULL,
  `name` varchar(100) NOT NULL
) ENGINE=InnoDB DEFAULT CHARSET=utf8mb4 COLLATE=utf8mb4_unicode_ci;

--
-- Дамп даних таблиці `categories`
--

INSERT INTO `categories` (`id`, `name`) VALUES
(1, 'Електрогітара'),
(2, 'Акустична гітара'),
(3, 'Комбопідсилювач'),
(4, 'Синтезатор'),
(5, 'Гітарна педаль'),
(6, 'Бас-гітара'),
(7, 'Ударна установка'),
(8, 'Скрипка'),
(9, 'Класична гітара'),
(10, 'Укулеле'),
(11, 'Струни'),
(12, 'Медіатор'),
(13, 'Ремінь для гітари'),
(14, 'Каподастр'),
(17, 'Мандоліна');

-- --------------------------------------------------------

--
-- Структура таблиці `customers`
--

CREATE TABLE `customers` (
  `id` bigint(20) UNSIGNED NOT NULL,
  `fname` varchar(100) NOT NULL,
  `lname` varchar(100) NOT NULL,
  `patronymic` varchar(100) NOT NULL,
  `email` varchar(100) NOT NULL,
  `phone` varchar(13) NOT NULL,
  `password` varchar(255) NOT NULL
) ENGINE=InnoDB DEFAULT CHARSET=utf8mb4 COLLATE=utf8mb4_unicode_ci;

--
-- Дамп даних таблиці `customers`
--

INSERT INTO `customers` (`id`, `fname`, `lname`, `patronymic`, `email`, `phone`, `password`) VALUES
(1, 'Анна', 'Петренко', 'Михайлівна', 'john.doe@gmail.com', '+380935465458', ''),
(2, 'Володимир ', 'Іванов', 'Петрович', 'v.petrovych@gmail.com', '+380935465489', ''),
(3, 'Олена', 'Сидоренко', 'Іванівна', 'olena.ivanivna@gmail.com', '+380935464685', ''),
(4, 'Сергій', 'Коваленко', 'Сергійович', 'sergiy@gmail.com', '+380935468888', ''),
(5, 'Тетяна', 'Лисенко', 'Григорівна', 'tetiana.gryhorivna@gmail.org', '+380995463333', ''),
(6, 'Максим', 'Савченко', 'Ігорович', 'maxim.ihorovych@gmail.com', '+380504532856', ''),
(7, 'Денис', 'Григоренко', 'Олександрович', 'denys.oleksandrovych@gmail.com', '+380975465889', ''),
(8, 'Юлія', 'Лисенко', 'Володимірівна', 'julia.lisenko@gmail.net', '+380504432856', ''),
(9, 'Наталія', 'Василенко', 'Коваль', 'natalia.koval@gmail.org', '+380977765889', ''),
(10, 'Андрій', 'Сидоров', 'Васильович', 'andriy.vasylivych@gmail.com', '+380501132856', ''),
(14, 'Дарт', 'Вейдер', 'Мідіхлоріанович', 'ComeToTheDarkSide@gmail.com', '+111221111111', ''),
(15, 'sddsf', 'sdfeeee', 'увыв', 'ComeToThqeDarkSide@gmail.com', '+380505555555', 'qqqqq');

-- --------------------------------------------------------

--
-- Структура таблиці `manufacturers`
--

CREATE TABLE `manufacturers` (
  `id` bigint(20) UNSIGNED NOT NULL,
  `name` varchar(100) NOT NULL,
  `country` varchar(100) NOT NULL
) ENGINE=InnoDB DEFAULT CHARSET=utf8mb4 COLLATE=utf8mb4_unicode_ci;

--
-- Дамп даних таблиці `manufacturers`
--

INSERT INTO `manufacturers` (`id`, `name`, `country`) VALUES
(1, 'Fender', 'США'),
(2, 'Cort', 'Південна Корея'),
(3, 'Ibanez', 'Японія'),
(4, 'Gibson', 'США'),
(5, 'Yamaha', 'Японія'),
(6, 'Epiphone', 'США'),
(7, 'Marshall', 'Великобританія'),
(8, 'Korg', 'Японія'),
(9, 'ESP', 'Японія'),
(10, 'Jackson', 'США'),
(11, 'VOX', 'Великобританія'),
(12, 'BOSS', 'Японія');

-- --------------------------------------------------------

--
-- Структура таблиці `orders`
--

CREATE TABLE `orders` (
  `id` bigint(20) UNSIGNED NOT NULL,
  `customer_id` bigint(20) UNSIGNED NOT NULL,
  `date` datetime NOT NULL,
  `status` varchar(100) NOT NULL,
  `price` decimal(10,2) NOT NULL,
  `shipping_method` varchar(100) NOT NULL,
  `dispatch_city` varchar(100) NOT NULL,
  `shipping_address` varchar(100) NOT NULL,
  `post` varchar(100) NOT NULL,
  `postal_office` varchar(100) DEFAULT NULL,
  `payment_method` varchar(100) NOT NULL,
  `notes` text DEFAULT NULL
) ENGINE=InnoDB DEFAULT CHARSET=utf8mb4 COLLATE=utf8mb4_unicode_ci;

--
-- Дамп даних таблиці `orders`
--

INSERT INTO `orders` (`id`, `customer_id`, `date`, `status`, `price`, `shipping_method`, `dispatch_city`, `shipping_address`, `post`, `postal_office`, `payment_method`, `notes`) VALUES
(1, 6, '2023-10-17 22:52:01', 'Обробляється', 106448.00, 'Самовивіз з почтового відділення', 'Київ', 'вул. Грушевського, 25\r\n', 'Нова Пошта', 'Відділення № 3', 'Оплата при отриманні', ''),
(2, 3, '2023-10-17 23:18:20', 'Відправлено', 106400.00, 'Оплата карткою', 'Київ', 'вул. Шевченка, 25', 'Нова Пошта', 'Відділення № 25', 'Оплата при отриманні', ''),
(3, 9, '2023-10-18 00:11:07', 'Виповнено', 78552.00, 'Кур\'єрська доставка Новою поштою', 'Одеса', 'вул. Лесі Українки, 42, кв. 12', 'Нова Пошта', '', 'Оплата карткою', ''),
(4, 3, '2023-10-18 00:21:40', 'Обробляється', 2394.00, 'Самовивіз з почтового відділення', 'Чернівці', 'вул. Шевченка, 25', 'Нова Пошта', 'Відділення № 25', 'Оплата при отриманні', ''),
(5, 7, '2023-10-18 00:26:06', 'Обробляється', 150.00, 'Самовивіз з почтового відділення', 'Львів', 'вул. Староєврейська, 10', 'Нова Пошта', 'Відділення №45', 'Оплата карткою', 'Будь ласка, доставте медіатори різної товщини'),
(6, 2, '2023-10-18 00:31:42', 'Відправлено', 8649.00, 'Самовивіз з почтового відділення', 'Харків', 'просп. Сумський, 22', 'Нова Пошта', 'Відділення № 33', 'Оплата при отриманні', ''),
(7, 4, '2023-10-18 00:35:15', 'Обробляється', 20721.00, 'Кур\'єрська доставка Новою поштою', 'Харків', 'просп. Миру, 23, оф. 15', 'Нова Пошта', '', 'Оплата карткою', 'Будь ласка, дуже добре запакуйте та обережно доставляйте, це на подарунок.'),
(8, 1, '2023-10-18 00:41:36', 'Відправлено', 48488.00, 'Самовивіз з почтового відділення', 'Одеса', 'вул. Дерибасівська, 7', 'Укрпошта', 'Відділення № 5', 'Оплата при отриманні', ''),
(9, 8, '2023-10-18 00:46:49', 'Обробляється', 7947.00, 'Самовивіз з почтового відділення', 'Херсон', 'вул. Ушакова, 5', 'Нова Пошта', 'Відділення № 5', 'Оплата при отриманні', ''),
(10, 10, '2023-10-18 00:49:44', 'Виповнено', 81328.00, 'Самовивіз з почтового відділення', 'Івано-Франківськ', 'вул. Грушевського, 20', 'Укрпошта', 'Відділення № 2', 'Оплата при отриманні', ''),
(11, 1, '2023-12-29 01:53:00', 'іфв', 232.00, 'ув', 'уц', 'уфв', 'ув', 'цу', 'цуц', 'цу'),
(12, 5, '2023-12-29 03:07:00', '324', 234.00, '232', 'цк', 'іу', 'куі3', 'іау', 'іаіу', 'выв'),
(13, 1, '2023-12-29 03:24:00', 'выфв', 23.00, 'ы', 'фыв', 'фыв', 'фыв', 'фыв', 'фвы', 'фыв'),
(14, 15, '2024-01-06 23:57:00', 'выфв', 5345.00, 'grrgd', 'аіу', 'уфв', 'куі3', '232', 'ыва', 'куцу'),
(15, 15, '2024-01-04 00:15:00', 'выфв', 5345.00, '23', 'аіу', 'фыв', 'ыва', 'цкц3', 'ыва', 'цуцц');

-- --------------------------------------------------------

--
-- Структура таблиці `order_items`
--

CREATE TABLE `order_items` (
  `id` bigint(20) UNSIGNED NOT NULL,
  `order_id` bigint(20) UNSIGNED NOT NULL,
  `product_id` bigint(20) UNSIGNED NOT NULL,
  `count` bigint(20) UNSIGNED NOT NULL,
  `subtotal` decimal(10,2) NOT NULL
) ENGINE=InnoDB DEFAULT CHARSET=utf8mb4 COLLATE=utf8mb4_unicode_ci;

--
-- Дамп даних таблиці `order_items`
--

INSERT INTO `order_items` (`id`, `order_id`, `product_id`, `count`, `subtotal`) VALUES
(1, 1, 2, 1, 106400.00),
(2, 1, 38, 3, 48.00),
(3, 2, 2, 1, 106400.00),
(4, 3, 19, 1, 78552.00),
(5, 4, 34, 1, 2394.00),
(6, 5, 37, 10, 150.00),
(7, 6, 13, 1, 8649.00),
(8, 7, 23, 1, 20721.00),
(9, 8, 5, 1, 47500.00),
(10, 8, 36, 1, 722.00),
(11, 8, 35, 1, 266.00),
(12, 9, 20, 1, 7947.00),
(13, 10, 11, 1, 81328.00),
(14, 5, 31, 5, 43243.00),
(15, 15, 5, 1, 43243.00),
(16, 14, 8, 1, 43.00);

-- --------------------------------------------------------

--
-- Структура таблиці `products`
--

CREATE TABLE `products` (
  `id` bigint(20) UNSIGNED NOT NULL,
  `name` varchar(255) NOT NULL,
  `description` text DEFAULT NULL,
  `price` decimal(10,2) NOT NULL,
  `stock_quantity` int(11) NOT NULL,
  `manufacturer_id` bigint(20) UNSIGNED NOT NULL,
  `category_id` bigint(20) UNSIGNED NOT NULL
) ENGINE=InnoDB DEFAULT CHARSET=utf8mb4 COLLATE=utf8mb4_unicode_ci;

--
-- Дамп даних таблиці `products`
--

INSERT INTO `products` (`id`, `name`, `description`, `price`, `stock_quantity`, `manufacturer_id`, `category_id`) VALUES
(1, 'FENDER PLAYER STRATOCASTER PF BLK\r\n', 'Основні особливості електрогітари Fender Player Stratocaster PF BLK: Дека з вільхи з глянцевим покриттям; 3 звукознімачі Player Series single-coil Stratocaster; Профіль грифу «Modern C»; Радіус накладки 9.5\"; Бридж Two-Point Tremolo з сідлами з вигнутого металу (bent-steel).\r\n\r\nНадихаюче звучання Stratocaster є однією з основ Fender. Володіючи класичним звуком, а саме дзвоноподібними верхами, панчовим середнім діапазоном і потужними басами у поєднанні з кришталево чистою артикуляцією, електрогітара Player Stratocaster PF BLK наповнена автентичним відчуттям і стилем Fender. Інструмент готовий служити вашому музичному баченню. Він достатньо універсальний, щоб впоратись з будь-яким стилем музики, і буде ідеальною платформою для створення вашої власної музики. Розроблені для автентичного звучання Fender звукознімачі серії Player точні та виразні. Цей Stratocaster має бридж Two-Point Tremolo для плавної та неперевершеної дії тремоло. Порушуючи традицію, до бриджового звукознімача був доданий регулятор тону, що дає більше контролю над вашим звуком. Додатковий лад розширює діапазон, в той час, як профіль грифу «Modern C» підходить практично для будь-якого стилю гри.\r\n\r\nКожна електрогітара серії Player Stratocaster включає пластину на грифі з тисненою літерою «F», не залишаючи жодних сумнівів щодо походження інструменту.', 37240.00, 4, 1, 1),
(2, 'FENDER AMERICAN ULTRA TELECASTER MN MOCHA BURST', 'American Ultra - це найбільш просунута серія електро- і бас-гітар від Fender для вимогливих гравців, які потребують кращого в усьому - чіткості, продуктивності та звучанні.\r\n\r\nЕлектрогітара FENDER AMERICAN ULTRA TELECASTER MN MOCHA BURST оснащена унікальним профілем грифа Modern D з ультра-згладженими краями накладки для комфортної тривалої гри, а звужена п\'ята грифа забезпечує легкий доступ до найвищого регістру. Швидкісний гриф з компаундною накладкою радіусом 10\"-14\" і 22 ладами Medium Jumbo відповідають за легке і точне соло, а звукознімачі Ultra Noiseless Vintage і розширені можливості проводки забезпечують нескінченні тональні можливості - без шуму.\r\n\r\n«Скульптурні» контури нижньої деки такі ж красиві, як і функціональні. Цей універсальний, ультрасучасний інструмент надихне вас на нові висоти. Інші особливості включають в себе локові кілки, хромовану фурнітуру і верхній поріжок з кістки. У комплекті кейс преміум-класу.', 106400.00, 0, 1, 1),
(3, 'GIBSON CUSTOM SHOP 1958 LES PAUL STANDARD REISSUE LIGHT AGED LEMON BURST', 'Gibson Custom Shop 1958 Les Paul Standard Reissue Light Aged Lemon Burst – 6-струнна електрогітара, Murphy Lab кастом шоп, форма корпусу – Les Paul, топ – клен, матеріал корпусу – махагоні, гриф – махагоні з накладкою палісандр, профіль грифу – 50s Medium C, мензура – 24.75\", звукознімачі – Custombucker Alnico 3 (H-H), колір – лимонний бьорст, кейс в комплекті.\r\n\r\n', 304000.00, 0, 4, 1),
(4, 'JACKSON JS32 RHOADS MAH NATURAL', 'Швидка, смертоносна та доступна електрогітара JACKSON JS32 RHOADS MAH NATURAL зробила грандіозний ривок уперед, зробивши доступними як ніколи раніше класичне звучання, зовнішній вигляд та ігрові можливості Jackson.\r\n\r\nІнструмент має деку з махагоні, швидкісний кленовий гриф на болтах з графітовими стрижнями для поліпшеної міцності. Маючи 24 лади Jumbo й інкрустацію у вигляді акулячих плавників, компаудна накладка радіусом 12\"-16\" з амаранту створює ідеальну поверхню для жирних рифів і легкого виконання акордів біля верхнього поріжка, а також швидкісних соло та широких бендів.\r\n\r\nІнші особливості включають два звукознімачі Jackson high-output humbucking з керамічними магнітами, регулятори гучності і тону, 3-позиційний перемикач, бридж Floyd Rose Licensed Jackson Double-Locking Tremolo для динамічного відгуку та стабільного налаштування.\r\n\r\nЕлектрогітара JACKSON JS32 RHOADS MAH NATURAL представлена в натуральному кольорі з золотим пікгардом, чорним хедстоком і золотою фурнітурою.', 23560.00, 2, 10, 1),
(5, 'EPIPHONE LES PAUL PROPHECY RED TIGER AGED GLOSS', 'Електрогітара EPIPHONE LES PAUL PROPHECY RED TIGER AGED GLOSS є частиною оновленої колекції Epiphone Prophecy, яка вирізняється культовими формами деки, натхненними Gibson, із сучасною інтерпретацією для гравців, які прагнуть порушити традиції та встановити нові стандарти швидкості, звуку і техніки.\r\n\r\nЦентром інструменту є пара кастомних звукознімачів Fishman Fluence, яка надає три характерні типи звучання, доступні за допомогою потенціометрів пуш/пул на регуляторах гучності і тону: теплий вінтажний хамбакер «Patent Applied For», звук гарячих сучасних активних хамбакерів і блискучий, оптимізований саунд синглів.\r\n\r\nEPIPHONE LES PAUL PROPHECY RED TIGER AGED GLOSS також включає локові кілки Grover Rotomatic, бридж і струнотримач LockTone Tune-O-Matic від Epiphone для додаткового сустейну, верхній поріжок Graph Tech NuBone, який збільшує гармоніки та стабільність настройки, кастомне окантування, накладку з ебоні, лади Jumbo, ультрасучасне полегшення ваги й асиметричний гриф SlimTaper для комфорту і швидкості. Колір електрогітари EPIPHONE LES PAUL PROPHECY RED TIGER AGED GLOSS — Red Tiger Aged Gloss. Кейс до комплекту не входить.', 47500.00, 3, 6, 1),
(6, 'CORT X100 (Open Pore Black)', 'Оновлена в 2018 році серія електрогітар X Series була повністю реконструйована, отримала ще сучасніший і ергономічніший дизайн, а також поліпшене оснащення.\r\n\r\nВитончені, але агресивні, інструменти X Series створені для різних стилів металу, але вони досить універсальні, аби використовуватися в будь-якому музичному жанрі: від фьюжн до класичного року.\r\n\r\nХарактеристики:\r\nТип конструкції   Гриф на болтах\r\nКорпус   Меранті (Meranti)\r\nМензура   25 1/2\" (648мм)\r\nГриф   Клен (maple)\r\nНакладка грифа   Jatoba, радіус накладки 400мм\r\nІнкрустація   Точки - маркери ладів\r\nБридж   Тремоло типу Vintage\r\nЗвукознімачі   Powersound PSEG4-1F і PSEG4-1R (H-H)\r\nЛади   24 лади Jumbo (2.9мм)\r\nМеханіка   Хромована\r\nУправління   1 гучність, 1 тон, 3-позиційний перемикач\r\nКолір   Чорний відкритий - OPBK (Open Pore Black)\r\nКомплектація   Гітара, ключі для анкера і бриджу', 7326.00, 1, 2, 1),
(7, 'IBANEZ AAD100', 'Основні особливості акустичної гітари IBANEZ AAD100: Акустична гітара форми Grand Dreadnought із трохи збільшеними габаритами надає велику гучність і насичений звук; Верхня дека із цілісної ялини з нижньою декою й обичайкою з окуме; Покриття Open Pore Natural забезпечує природне звучання дерева; Гриф із «запеченого» ньято з накладкою з овангкола гарантує ультраплавний відгук; Пружини X-M підсилюють високі та середні частоти, а також сприяють чистим басам; Профіль грифа — Low Oval; Накладка має заокруглені краї, що забезпечує зручну гру по всій довжині грифа.\r\n\r\nБудучи частиною нової серії Advanced Acoustic, акустична гітара IBANEZ AAD100 представляє сміливий крок вперед у дизайні та звуці. З цим інструментом Ibanez надає нову форму деки Grand Dreadnought із трохи збільшеними габаритами. Завдяки їй гітара отримала не тільки насиченіший і яскравіший звук, а й істотно покращену гучність! AAD100 володіє верхньою декою із цілісної ялини з нижньою декою та обичайкою з окуме, а також покриттям Open Pore Natural, яке сприяє природному звучанню дерева. Гриф із «запеченого» ньято з накладкою з овангкола забезпечує ультраплавний відгук, що робить цю гітару ідеальною, як для флетпікінгу, так і для гри перебором.\r\n\r\nМаленькі штрихи — великі результати\r\n\r\nНа додачу до трохи збільшеної деки, IBANEZ AAD100 також оснащена пружинами X-M, які підсилюють високі та середні частоти, а також сприяють чистим басам. Кріплення не тільки покращує звучання, але і забезпечує опору та довговічність.\r\n\r\n«Запечений» гриф для додаткового комфорту\r\n\r\nIbanez не тільки термічно обробили гриф з ньято, але також надали йому форму Low Oval, що дає плавну, зручну гру по всій довжині. Крім того, накладка з овангкола має заокруглені краї для ще більшого комфорту. А бридж з овангкола покращує коливання під час гри. Багато гітаристів вражені звучанням і зручністю гри на інструментах серії Advanced Acoustic, і, повірте, ви теж будете!', 12562.00, 1, 3, 2),
(8, 'CORT AD810 (Open Pore)', 'Саме співвідношення ціна/якість дозволило акустичній гітарі CORT AD810 стати лідером продажів на українському ринку! AD810 - це класичний дредноут з великим об\'ємним корпусом з червоного дерева і верхньою декою з ялини. Ця перевірена класична комбінація дозволяє отримати збалансоване і гучне звучання у всьому діапазоні частот.\r\n\r\n6 причин, чому ми рекомендуємо обрати CORT AD810\r\n\r\n1) Зручний і комфортний для гри гриф, виготовлений з червоного дерева з накладкою з палісандра і 20 ладами.Колки закритого типу мають м\'який хід і надійно тримають стрій інструмента.\r\n\r\n2) Нове покриття типу Open Pore (OP) не тільки дозволяє насолодитися візуальної текстурою деревини, але дозволяє інструменту вільно\"дихати\", тим самим підвищуючи його природну гучність і яскравість. \r\n\r\n3) Верхня ялина відрізняється чудовим поєднанням гнучкості та міцності, завдяки чому є одним з найпопулярніших матеріалів для виготовлення верхньої деки акустичних гітар. Чудові тональні характеристики ялини робить Cort AD810 ідеальним інструментом для безлічі музичних жанрів і стилів гри.\r\n\r\n4) Завдяки яскравому, але щільному звучанням з вираженим среднечастотним діапазоном, червоне дерево стало стандартом для виготовлення обечайки і нижньої деки акустичних гітар.\r\n\r\n5) Незважаючи на те, що багате звучання цільної деревини залишається неперевершеним, конструкція з ламінованого дерева також може забезпечити відмінне звучання прекрасного надійного і доступного інструменту. Одна з переваг застосування такої конструкції - неймовірна стійкість навіть до різких перепадів вологості.\r\n\r\n6) Завдяки досвіду та професіоналізму гітарних майстрів Cort, це кріплення грифа не тільки відрізняється міцністю і стабільністю, але і чудово передає вібрацію струн, зберігаючи насиченість і детальність звучання кожної ноти. Ексклюзивний струнотримач Cort з увігнутою поверхнею помітно покращує сустейн, завдяки оптимальному куті вигину струн, в той же час зменшуючи їх натяг для комфорту при грі.', 4599.00, 0, 2, 2),
(9, 'EPIPHONE PRO-1 CLASSIC 3/4', 'Ідея інноваційної колекції PRO-1 Acoustic Collection – створення гітари, на якій було б легко грати, але при цьому вона відповідала б багатовіковій традиції Epiphone з чудовою якістю збірки, насиченим тоном і красивим дизайном. PRO-1 Classic створений за зразком кращих у світі класичних гітар, з використанням тих же сортів дерева. Класичні гітари славляться своїм неповторним, чистим звуком. PRO-1 Classic 3/4 має всі інноваційні характеристики колекції PRO-1. Збалансований звук цієї гітари і функції PRO дозволяють навіть новачку легко знайти своє унікальне звучання. Дизайн PRO-1 Classic – це верхня дека з кедра, а нижня дека, обичайка і гриф – з махагоні.\r\n\r\nВарто відзначити інновацій PRO Collection, завдяки яким Epiphone, один з найстаріших і найбільш шанованих гітарних виробників в світі, зробив гру на гітарі легкою і доступною для всіх. Epiphone переосмислив процес створення класичної гітари, і в результаті з\'явився інструмент, на якому кожен може грати з нуля – «PRO» гітара, яка легка в використанні, і що найважливіше, яка забезпечує повний, яскравий звук, чим славиться легендарна компанія Epiphone.\r\n\r\nГраючи на цій гітарі, ви не будете відчувати втому. Конструкція гітари (EZ-Profile) розроблена таким чином, що ваша рука може легко утворювати акорди, не відчуваючи незручностей. Лади Epiphone JumboPRO роблять ноти і акорди справді легкими, вони набагато ширше, ніж лади менших розмірів. Окрім цього, всім відомо – тертя струн і грифів не тільки уповільнюють гру, але і можуть пошкодити сам інструмент. Покриття для струн і грифів PRO-Ease забезпечує гладкий, плавний дотик.\r\n\r\nЩе однією відмінністю серії, що не притаманна більшості класичних гітар, є анкер. Це не тільки робить конструкцію більш міцною, але й дозволяє з легкістю налаштувати кут нахилу грифу, та висоту струн.\r\n\r\nPRO-1 Classic – це результат поєднання численних технологічних інновацій і всебічного аналізу пропозицій від професійних гравців. Ця гітара серії PRO-1 CLASSIC має ширину \"нульового\" порожка 1.89\" і анкер.', 7980.00, 1, 6, 9),
(10, 'YAMAHA C-40', 'Серія С гітар Yamaha була запущена ще в далекому 1986 році. Понад більш ніж 30 років, популярність серії з кожним роком тільки зростає.\r\n\r\nYAMAHA C-40 — одна з найбільш недорогих повнорозмірних класичних моделей від Yamaha. На тлі конкурентів інструмент вирізняється високою якістю збірки, комфортністю (зручність гри особливо важливо для початківців) і прекрасним тембром.\r\n\r\nТоп інструмента YAMAHA C-40 виготовлений із ялини, задня дека й обичайка — з меранті, гриф — з нато, накладка на гриф і бридж — з палісандра. Гітара виготовлена в натуральному кольорі та має глянсове покриття, крім грифа, — він ззаду матовий. Традиційно, на класичній гітарі встановлені синтетичні струни — нейлонові.\r\n\r\nГітара YAMAHA C-40 справедливо вважається однією з найкращих для гітаристів-початківців і аматорів, яка буде радувати свого господаря багато років.', 4905.00, 1, 5, 9),
(11, 'ESP E-II ARROW NT (SNOW WHITE)', 'E-II Standard Series - інструменти, розроблені і виготовлені досвідченими японськими майстрами ESP, котрі вклали всю свою душу і майстерність у створення кращих гітар і бас-гітар. Майже 40 років досвіду виготовлення одних з кращих гітар у світі, перевірене часом якість, ергономічність, увага до деталей, приголомшливе звучання - всі ці якості, притаманні продукції ESP, знайшли своє відображення і в нових моделях E-II Standard Series\r\n\r\nАгресивна витонченість\r\n\r\nАбсолютно унікальна в своєму агресивно-різкому дизайні, Arrow - гітара створена для того, щоб ваш виступ не залишилося непоміченим. Також як і всі інструменти серії E-II, Arrow виготовлена ​​вручну на фабриці ESP в Японії. А завдяки потужним звукоснимателям EMG, ця гітара звучить так само потужно і агресивно, як і виглядає.\r\n\r\nКорпус з вільхи\r\n\r\nВільха характеризується добре збалансованим чистим звучанням з багатим середнім діапазоном. Дуже поширена деревина для виготовлення корпусу гітари.\r\n\r\nНаскрізний гриф\r\n\r\nНаскрізний гриф забезпечує поліпшену віддачу і значно збільшує сустейн.\r\n\r\nЗвукознімачі EMG 81 і 85\r\n\r\nБудучи одним з найпопулярніших звукознімачів EMG, саме 81 почав революцію в гітарному звучанні. Використовуючи потужні керамічні магніти і котушки з вузькою апертурою, звучання EMG 81 створювалося для отримання неймовірної інтенсивності і гострого як бритва звучання з великою кількістю верхів. Традиційно використовуваний в бріджевого позиції на гітарі, цей хамбакер змусить ваші лід партії прорізати навіть самий насичений мікс.\r\n\r\n85 - один з перших звукознімачів компанії EMG, і по конструкції він являє собою трохи більш складну і округлу по звуку модифікацію знаменитого EMG 81. Завдяки котушок з вузькою апертурою і магнітів Alnico V, EMG 85 вийшов дуже потужним гітарним датчиком з винятковим тембром і універсальністю. Магніти Alnico V в цій моделі забезпечують потужне гарчання і гладке лід звучання, дозволяючи грати все від блюзу до екстремального металу.\r\n\r\nБридж Gotoh Tune-o-Matic\r\n\r\nОригінальний бридж Gotoh типу Tune-o-Matic з конструкцією струни крізь корпус забезпечує оптимальну передачу вібрації від струн до корпусу і грифа і максимальний тривалий сустейн.\r\n\r\nЗамкові кілки Gotoh\r\n\r\nЯпонська фурнітура Gotoh використовується при виготовленні висококласних інструментів вже багато років, зарекомендувавши себе високою якістю виготовлення і хорошою функціональністю. Оригінальна замикаються замкова система Gotoh Magnum Lock дозволяє зафіксувати струну без ризику її псування або зісковзування.\r\n\r\nХарактеристики:\r\n\r\nТип конструкції : Наскрізний гриф\r\nКорпус : Вільха\r\nМензура : 25,5\r\nГриф : Клен\r\nНакладка грифа : Чорне дерево\r\nРадіус накладки грифа : 305R\r\nІнкрустація : Трикутні маркери ладів\r\nОкантовка : Біла по грифу\r\nБридж : GOTOH GE103B-T & String-thru-body\r\nЗвукознімачі : EMG 81/85\r\nЛади : 24 XJ\r\nВерхній поріжок : Костяной, 42мм\r\nМеханіка : Чорна\r\nКолки : Gotoh SG360-07 MG-T, замкові\r\nУправління : 1 гучність, 3-позиційний перемикач\r\nКолір : Білий - Snow White (SW)\r\nСтруни : Elixir Nanoweb Super Light (.009 / .011 / .016 / .024 / .032 / .042)\r\nКомплектація : Гітара, фірмовий кейс, ключі для анкера і тремоло\r\nВиробництво : Японія\r\nГарантія : 12 місяців (на механічні та електронні компоненти)\r\nДодатково : Стреплокі Schaller Straplock', 81328.00, 0, 9, 1),
(12, 'IBANEZ GSR200 BK', 'IBANEZ GSR200 BK заслужено вважається прекрасною бас-гітарою, як для музикантів-початківців в якості основного інструменту, так і для музикантів інших рівнів в якості запасного або робочого інструмента.\r\n\r\nIBANEZ GSR200 BK є скромною гітарою, що має разючу спадщину. Вперше компанією Ibanez гітара Soundgear була представлена в 1987 році. Всі інструменти цієї лінійки і донині залишаються найпоширенішими в усьому світі. Нинішнім втіленням гітар Soundgear можна вважати модель GSR200.\r\n\r\nGSR200 BK має компактний контурний корпус і тонкий гриф для дивовижного комфорту і швидкості під час гри. GSR200 обладнана кращими звукознімачами – P у позиції нек і J у поліції бридж, які приносять впізнаваний тон, а активний термоблок з еквалайзером Phat II додає ще більше об\'ємного звучання. Бридж В10 дає виразний сустейн.\r\n\r\n', 12160.00, 1, 3, 6),
(13, 'CORT ACTION PJ (OPB)', 'Серія доступних бас-гітар Action - результат багаторічного досвіду виробництва високоякісних інструментів і нашого постійного прагнення до вдосконалення. Ергономічна форма корпусу, зручний профіль грифа і малу вагу роблять ці інструменти прекрасним вибором для початківців музикантів.\r\n\r\nКорпус з тополі\r\n\r\nТополь - вельми популярна порода дерева для виготовлення інструментів. Деревина тополі має однорідну рівномірну фактуру і відрізняється невеликою вагою і збалансованим звучанням з підкресленою серединою.\r\n\r\nКонфігурація звукознімачів PJ\r\n\r\nБас-гітарні звукосниматели P-type ідеально підходять для гри в стилях hard rock, classic rock і Motown, в той час як J-type відмінно розкривається в джаз і поп-музиці. Така комбінація датчиків робить Action по-справжньому універсальним інструментом, придатним для гри практично в будь-якому музичному жанрі. Феритові керамічні магніти, використовувані в звукознімачах PowerSound, забезпечують високий рівень вихідного сигналу і щільне звучання.\r\n\r\nЕргономічна форма корпусу\r\n\r\nБас-гітари серії Action відрізняються ергономічною формою корпусу, що увібрала в себе найкраще з вантажного і сучасного дизайнів. Завдяки цьому ви будете менше втомлюватися навіть під час багатогодинних репетицій.\r\n\r\nРетельна просушка дерева не тільки благотворно впливає на звучання Action, але і помітно зменшує його вагу, роблячи цю модель прекрасним вибором для юних музикантів і витончених бас-гітаристок .\r\n\r\nЛиті кілки\r\n\r\n\r\nЛиті кілки на бас гітара серії Action відрізняються плавним ходом і забезпечують стабільний і точний лад.\r\n\r\nКорпус : Тополя (Poplar)\r\nТип конструкції : Гриф на болтах (bolt-on)\r\nГриф : Клен, С профіль, ширина грифа: 1F: 40мм / 22F: 64мм, товщина грифа: 1F: 20,5мм, 12F: 22мм,\r\nНакладка грифа : Палісандр (радіус накладки 305мм)\r\nМензура : 34\r\nЛади : 24 / Large (2.7mm)\r\nБридж : EB6 (4)\r\nЗвукознімачі : Power Sound P & Jazz\r\nУправління : 2 гучність, 1 тон\r\nМеханіка : Хромована\r\nКолір : Чорний ний відкритий - Open Pore Black (OPB)\r\nКомплектація : Гітара, ключі\r\nВиробництво : Індонезія\r\nГарантія : 12 місяців (на електронні та механічні компоненти)', 8649.00, 1, 2, 6),
(14, 'MARSHALL 1960AX', 'MARSHALL 1960AX являє собою потужний гітарний кабінет закритого типу з 4 динаміками Celestion G12M-25 розміром 12\". Ці динаміки здатні відтворювати якісне звучання як чистого, так і підгруженого каналу гітарного підсилювача. Потужності MARSHALL 1960AX цілком достатньо для репетиційних баз, невеликих концертних залів і великої сцени. Потужність кабінету складає 100 Вт (RMS). Робочий опір 16 Ом.\r\n\r\nКомпанія Marshall користується великою повагою і популярністю серед професійних гітаристів і музикантів усього світу. Звучання кабінетів і гітарних підсилювачів Marshall можна почути на записах найвідоміших музикантів. Серія кабінетів 1960 з динаміками Celestion G12M-25 здатна скласти гідну конкуренцію багатьом відомим виробникам гітарних кабінетів, серед яких Engle, Mesa Boogie і багато інших.\r\n\r\n', 43700.00, 1, 7, 3),
(15, 'MARSHALL CODE50', 'MARSHALL CODE50 – повністю програмований цифровий гітарний комбопідсилювач. Code 50 поєднує в собі справжнє моделювання класичних і сучасних тонів Marshall з професійними FX. Моделі передпідсилювачів, підсилювачів і кабінетів розроблялися у співпраці з піонерами програмного забезпечення Softube для створення Marshall -Softube (MST) моделювання – високоточне відтворення класичних і сучасних Marshall продуктів.\r\n\r\nКомбопідсилювач для електрогітари CODE50 має 14 MST передпідсилювачів, 4 MST підсилювачі та 8 MST кабінетів, а також 24 FX, включаючи: Compressor, класична педаль Distortions, Auto Wah, Pitch Shifter, Chorus, Phaser, Flanger і Tremolo, плюс Delays з Tap Tempo, і студійної якості Reverbs.\r\n\r\nCode MST передпідсилювачі – це відтворення найзнаменитіших і улюблених Marshall тонів: JTM45 2245, 1962 Bluesbreaker, 1959SLP Plexi, JCM800 2203, JCM2555 Silver Jubilee, JCM2000 DSL100, JVM410H та інші. CODE50 має звучання підсилювачів EL34, 5881, EL84 & 6L6 MST, і MST кабінети моделей: 1960 1960V, 1960AX, 1960HW, 1936, 1936V, 1912, 1974X.\r\n\r\nУправляти підсилювачем можна по Bluetooth і передавати аудіо з iOS або Android пристроїв, використовуючи Gateway застосунок. При підключенні по USB цей підсилювач можна використовувати в якості DAW інтерфейсу для запису і потоку аудіо з комп\'ютера. Також через спеціальний аудіо вхід можна приєднати МР3-плеєр і грати разом з улюбленими треками або увімкнути навушники для персональної практики. А під\'єднавши педаль (PEDL-91009, не входить до комплекту), ви зможете управляти функціями панелі та призначати до 30 пресетів.', 11400.00, 1, 7, 3),
(16, 'VOX AC15C1', 'VOX AC15C1 – ламповий комбопідсилювач на 15 Вт, що має на борту тремоло і динамік 1x12\" Celestion G12M Greenback. Комбопідсилювач VOX AC15C1 поєднує використання трьох ламп 12AX7, встановлених у преампі з використанням пари ламп EL84 для керування одним 12-дюймовим динаміком Celestion G12M Greenback. VOX AC15C1 має вихідний роз’єм, що перемикається (8/16 Ом), для живлення зовнішнього кабінету, коли вам потрібно поспілкуватись з аудиторію з трохи більшим впливом; використання зовнішнього динаміка переводить вбудований динамік у режим блокування звуку. Додатково, другий роз’єм для розширення динаміків дозволяє вам запустити додатковий 16-Омний кабінет разом з вбудованим динаміком для більш насиченого звуку.\r\n\r\nКомбопідсилювач VOX AC15C1 має два канали Normal і Top Boost. Кожний канал оснащений власним регулятором гучності, а канал Top Boost пропонує доволі корисні регулятори високих і низьких частот. Ця потужна пара каналів пропонує розмаїття можливостей по створенню звуку, дозволяючи вам використовувати VOX AC15C1, щоб отримати класичний звук, який при цьому буде і вашим власним. На обидва канали розповсюджується дія регуляторів керування Tone Cut і Volume у секції Master. Регулятор Tone Cut працює на стадії обробки сигналу підсилювачем, а не на стадії роботи преампу, привносячи додаткові можливості створення звуку. Регулятор Master Volume працює разом з індивідуальним регулятором гучності кожного каналу для створення цілком правильного градусу підсилювального каскаду. Балансуючи індивідуальну і загальну гучність, VOX AC15C1 може дати вам будь-який звук, від чистого саунду до потужного перевантаженого звуку. Ви можете підсолодити звук вашого VOX AC15C1 використовуючи ефект Classic Tremolo. І швидкість, і глибина налаштовуються, дозволяючи генерувати саме той звук, який вам потрібен. Теплий пружин ревербератор також до ваших послуг на VOX AC15C1, додаючи об’ємності звуку. Ви можете використовувати футсвіч VOX VFS2, що дозволить вам вмикати і вимикати ефекти реверберації і тремоло, не перестаючи грати.', 29600.00, 1, 11, 3),
(17, 'KORG NAUTILUS-88', 'Робоча станція, 88 клавіш, 1920 пресетів, 256 комбінованих пресетів, 42098 семплів, 4123 мультісемплов, механіка RH3, 7 \"Color TFT (WVGA, 800 x 480), пам\'ять близько 25 ГБ, арпеджиатор, секвенсер, колір - чорний.\r\nВсі необхідні чудові звуки в модернізованому синтезаторі, створеному на основі KRONOS.\r\n\r\nРобоча станція KORG NAUTILUS-88 розсуває кордони можливостей синтезатора і робочої станції. Завдяки потужності 9 движків, що забезпечують новий підхід до звуків, семплірованіє, аудіозаписи, ефектів і обробці, просто немає іншого синтезатора, який пропонує більше для дослідження звуку. Компанія Korg витратила багато років на вдосконалення всіх цифрових, аналогових, програмних і апаратних технологій і надання їх таким чином , щоб допомогти музикантам знайти зв\'язок зі своїм інструментом. Результатом стала неймовірно потужна, унікальна робоча станція NAUTILUS.\r\n\r\n9 різних звукових движків забезпечують величезну виразну силу\r\n\r\nNAUTILUS-88 оснащений 9 спеціальними звуковими двигунами для реалістичного відтворення таких звуків, як фортепіано, електропіаніно, органи і багато іншого. Покращений звуковий генератор SGX-2 надає тонку виразність, що уловлює всі нюанси акустичного піаніно. Звуковий генератор EP-1 реалістично відтворює звучання 7 різних відомих електропіаніно. Движок CX-3 передає чітке звучання класичних електроорганов. Додайте до цього синтез MOD-7 VPM / FM, PolysixEX і MS-20EX для аналогового моделювання, STR-1 для фізичного моделювання, і ви отримаєте набір з основних двигунів для будь-якого типу звучання.\r\n\r\nНові звуки представлені в 3 широких категоріях\r\n\r\n«Унікальні» звуки\r\nNAUTILUS-88 надає особливі звуки, включаючи фразові лупи, підготовлені фортепіано, нетрадиційну перкусію і багато іншого. На багатьох рідко зустрічаються музичних інструментах може бути важко грати, але на цій робочій станції є характерні фрази, зіграні на цих інструментах.\r\n\r\n«Сучасні» звуки\r\nNAUTILUS-88 також дає новітні звуки, які чудово вписуються в сучасну музичну сцену, включаючи синтезатори, ударні установки (більше 50 видів), спеціальні ефекти і багато іншого.\r\n\r\n«Стандартні» звуки\r\nKorg зібрали всі найбільш важливі звуки, необхідні для робочої станції, включаючи фортепіано, електропіаніно, гітару, бас-гітару і багато іншого для всіх жанрів.\r\n\r\nРегулятор DYNAMICS уможливлює тонку експресію\r\n\r\nЗа допомогою регулятора DYNAMICS ви можете миттєво управляти змінами гучності і тону в залежності від сили натискання на клавіші.\r\n\r\nВнесення змін слід за допомогою регуляторів Realtime\r\n\r\n6 регуляторів RT (real-time) в верхньому лівому кутку панелі дають безпосередній контроль над змінами звуків PRO G і COMBI. Кожному з них призначені різні функції, які дозволяють змінювати зріз фільтра і глибину ефекту, час гейта, темп і свінг арпеджиатора або ударних, тип малого барабана і багато іншого. У режимі COMBI ви можете групувати тембри і управляти їх рівнями за допомогою регуляторів.\r\n\r\nЗручні функції Arpeggiator і Drum Track\r\n\r\n4 сцени патернів арпеджиатора і ударних партій ідеально підходять кожному заводському звуку PROG і COMBI. Вони корисні для перемикання між сценами під час їх відтворення, для використання при імпровізації під час виступу або для розширення вашого бачення при творі музики.\r\n\r\nРежим Set List, який демонструє свою міць на живих виступах\r\n\r\nNAUTILUS-88 може організувати всі ресурси, необхідні для відтворення пісні або сету, використовуючи режим Set List. У цьому режимі на дисплеї TouchView можна розмістити 16 сенсорних кнопок з колірним кодуванням. Кожна з них може миттєво викликати відповідний пресет, комбінацію або послідовність незалежно від режиму.\r\n\r\nSet List навіть додає 9-смуговий графічний еквалайзер, дозволяючи налаштувати загальне звучання відповідно до простором.\r\n\r\nВідкрита система семплірованія\r\n\r\nВикористовуючи відкриту систему семплірованія Korg, NAUTILUS-88 може швидко семпліровать зовнішній аудіоджерело, незалежно від свого режиму. Банк призначених для користувача семплів дозволяє завантажувати і відтворювати кастомниє семпли, використовуючи переваги величезної ємності SSD-носія.\r\n\r\nсемпли в форматах AIFF, WAV, SoundFont 2.0 і AKAI S1000 / 3000 можна завантажити на робочу станцію через USB-накопичувач. Крім того, ви можете використовувати адаптер USB Ethernet для обміну великими обсягами семплів з комп\'ютером на високій швидкості.\r\n\r\n16-трековий MIDI-секвенсор / 16-трековий аудіорекордер\r\n\r\nNAUTILUS-88 має секцію секвенсер / рекордер, яка пропонує 16 MIDI-доріжок і 16 аудиодорожек. MIDI-секвенсірованіе спрощує фіксування ідей, натхнення і фраз професійної якості за допомогою функцій Drum Track або RPPR (Realtime Pattern Play / Recording). 16-трековий аудіорекордер одночасно записує до 4 незжатих 16-бітних / 24-бітних доріжок з частотою дискретизації 48 кГц.\r\n\r\n16 вбудованих процесорів ефектів\r\n\r\nNAUTILUS-88 надає 16 внутрішніх ефектів, щоб додати виразність вашим звуковим творінь. Кожен з 12 ефектів Insert можна застосувати до одного або декількох тембрів в комбінації, а також до однієї або декількох доріжках секвенсера. Крім того, 2 ефекту Master можна застосувати до посилів 1/2, а 2 ефекту Total - до всіх доріжках.\r\n\r\nОкремий 3-смуговий еквалайзер надається для кожного тембру, для кожної доріжки секвенсера і для кожної звукової доріжки для настройки тонального балансу або для творчої модифікації загального звучання.\r\n\r\n88-клавішна модель з рисами піаніно\r\n\r\nKORG NAUTILUS-88 використовує чотириступінчасту молоточкову механіку, вироблену в Японії, яка називається RH-3. Це означає, що в нижньому регістрі важчий відгук, а у верхньому - більш легкий для чудового відтворення.\r\n\r\nБезкоштовний набір музичного програмного забезпечення\r\n\r\nKORG NAUTILUS-88 поставляється з широким розмаїттям музичного програмного забезпечення від Izotope, включаючи Ozone Elements, яке дозволяє не тільки створювати пісні, а й удосконалювати їх за допомогою ІІ, Skoove, яке допоможе вам поліпшити навички гри на клавішних, Reason Lite для DAW, а також програмні синтезатори від KORG та інших брендів.\r\n\r\nХарактеристики:\r\nКатегорія: професійні робочі станції\r\nТип синтезу: семплерних (ромплер)\r\nКількість клавіш: 88\r\nТип клавіатури: обважнення / молоточковая\r\nРозмір клавіш: Стандартний\r\nВиконання: Клавішний\r\nРобота від батарейок: Ні\r\nпослекасанію (after touch): Ні\r\nВокодер: Ні\r\nАрпеджиатор: Є\r\nСеквенсор: Є\r\nПоліфонія: Максимум 200 голосів (в залежності від режиму)\r\nПерелік видів синтезу: Цифровий\r\nКількість тембрів заводських: 1920\r\nКількість тембрів користувача: 2560\r\nКількість комбінацій заводських: 256\r\nКількість комбінацій призначених для користувача: тисячі сімсот дев\'яносто шість\r\nКількість барабанних сетів: 264 наборів ударних (104 заводських)\r\nЕфекти Insert: 12\r\nЕфекти Master: 2\r\nВходи: 2 x 1/4 \"TRS Balanced; Damper pedal\r\nВиходи: 4 x 1/4 \"TRS Balanced\r\nMIDI вхід / вихід: In , Out, Thru\r\nВихід на навушники: 1 x 1/4 \"\r\nUSB: 1 х Type A; 1 х Type B\r\nХарактеристики: секвенсора: 16 треків MIDI + 16 треків жорсткий диск + 1 майстер трек\r\nХарактеристики: арпеджиатора: 5 пресетів, ARP A 2048 слотів (1593 попередньо завантажені), ARP B 128 слотів\r\nДоступні опції: Педаль гучності і експресії XVP-20; Фут контролер EXP-2; Демпферная педаль DS-1H; Педалі перемикання PS-1 і PS-3\r\nКолір: Чорний\r\nДодатково: 42098 семплів; 4123 мультісемплов; Кольоровий дисплей (WVGA, 800 x 480); Пам\'ять близько 25 ГБ\r\nГарантія: 12 місяців\r\nКомплектація: Робоча станція, блок живлення, керівництво користувача\r\nРозміри товару (без упаковки): 1 437 x 387 x 139 мм\r\nВага без упаковки (нетто): 23.1 кг\r\nЕлементи живлення: Є\r\nТип елементів живлення: Блок живлення\r\nКількість елементів живлення: 1\r\nЕлементи живлення в комплекті: Є', 121600.00, 0, 8, 4),
(18, 'YAMAHA PSR-A350', 'Відкрийте для себе новий динамічний світ східної музики!\r\n\r\nYAMAHA PSR-A350 - це інструмент з реалістичними східними тембрами і стилями, динамічною клавіатурою, можливістю настройки східного звукоряду і багатьма іншими покращеними функціями!\r\n\r\nПотужне реалістичне звучання і просунутий функціонал\r\n\r\nВ порівнянні зі своїм попередником (PSR-A300), ця модель отримала значно поліпшені семпли інструментів. На додаток до цього, вона оснащена спеціально налаштованої акустичною системою для досягнення дійсно об\'ємного і насиченого звучання. В результаті кожна нота, зіграна на PSR-A350 звучить неймовірно жваво і експресивно.\r\n\r\nОб\'ємна бібліотека високоякісних тембрів, стилів і арпеджиатором\r\n\r\nВ арсенал PSR-A350 входить величезна кількість високоякісних тембрів, стилів і арпеджиатором, включаючи реалістичне звучання східних інструментів, успадковане від флагманських моделей PSR-A2000 / 3000. Значна бібліотека з 613 високоякісних тембрів включає в себе 45 східних інструментів і 19 східних наборів ударних. Арабські, Магриб, Іранські, Халіджі, Турецькі і Грецькі тембри і стилі - під кінчиками ваших пальців. Крім цього інструмент оснащений арпеджиатором (включаючи 5 арабських арпеджіо).\r\n\r\nНалаштування звукоряду і колесо зміни висоти тону\r\n\r\nФункція зміни традиційного європейського ладу дозволяє легко підняти або опустити будь-який з 12 півтонів гами, для створення власного ладу. Ви можете змінювати звукоряд навіть під час виконання. Змінені звукоряди можуть бути збережені і Ви зможете миттєво викликати певний лад, просто натиснувши кнопку. Використання колеса висоти тону допоможе пожвавити звучання ваших композицій і додати реалістичності і експресії вашому виконанню.\r\n\r\nUSB to Host і 10 осередків збереження стилів\r\n\r\nPSR-A350 обладнаний USB роз\'ємом, що дозволяє підключитися до комп\'ютера для передачі інформації. 10 призначених для користувача елементів дають вам можливість зберігати і використовувати додаткові стилі. Крім того, ви можете підключити інструмент до iPhone, iPod touch або iPad * для того, щоб розширити і збільшити можливості вашого інструменту.\r\n\r\n* Для підключення до iPhone або iPad потрібно додатковий пристрій i-UX1 (купується окремо)\r\n\r\nДодатковий AUX вхід і функція Melody Suppressor\r\n\r\nПідключіть будь аудіоплеєр з лінійним виходом (наприклад, телефон, комп\'ютер або навіть інший інструмент) до входу AUX на задній панелі A350 і насолоджуйтеся грою разом з улюбленим виконавцем або просто слухайте музику через вбудовані динаміки інструмента.Melody Suppressor унікальна функція, реалізована компанією Yamaha. Вона дозволяє зменшити гучність мелодійної лінії * з ваших улюблених композицій, даючи можливість вам самим програти її. * На деяких аудіозаписах гучність мелодійної лінії може не зменшуватися\r\n\r\nВикористовуйте майстер-еквалайзер для настройки звучання\r\n\r\nPSR-A350 обладнаний функцією Master EQ з різними налаштуваннями, що дозволяють регулювати нюанси звучання інструменту використовуючи такі режими як Bright або Boost, для того щоб швидко і легко підібрати оптимальне звучання для різної навколишнього оточення.\r\n\r\nФункція Registration Memory\r\n\r\nЦя зручна і корисна функція дозволяє вам миттєво зберегти поточні настройки інструменту в одну з 9 осередків пам\'яті і моментально відновити їх у разі потреби, натисненням однієї кнопки.\r\n\r\nКорисні функції для навчання та занять\r\n\r\nВбудований 2-трековий секвенсор допомагає вам зберегти свої творчі успіхи, а режим Duo дозволяє вчителю і учню грати одновременно.Помімо цього, PSR-A350 має вбудовану систему навчання Yamaha Education Suite. Функція навчання складається з дев\'яти кроків - три для лівої руки, три для правої і три для гри обома руками, і дозволяє початківцям виконавцям практикуватися, використовуючи пісні встановлені в пам\'яті інструменту. Функція відображення нот полегшує гру і імпровізацію, а режим очікування (Waiting) підлаштовує темп під піаніста, припиняючи акомпанемент до моменту, коли буде зіграна правильна нота.\r\n\r\nКлавіатура : 61 динамічна клавіша\r\nТон-генератор : AWM Stereo Sampling\r\nПоліфонія : 32 ноти\r\nТембри : 613 тембру, включаючи 45 східних тембрів, традиційний і східні звукоряди\r\nСтилі : 210 включаючи 115 східних стилів (26 Arabic, 25 Khaligi, 11 Magherebi, 23 Iranian, 20 Turkish, 10 Greek)\r\nСеквенсор : 2 доріжки / 5 пісень\r\nПоділ клавіатури : Dual / Split / Harmony\r\nДисплей : LCD дисплей з підсвічуванням\r\nКомпозиції : 50 композицій + 5 призначених для користувача\r\nЕфекти : Відлуння, хорус, Master EQ, Harmony, Ultra Wide Stereo, Арпеджиатор (150 типів)\r\nПам\'ять : Flash Memory\r\nМетроном : 11 - 280 bpm, функція Tap Tempo\r\nСистема навчання : Yamaha Education Suite (Y.E.S.) Listening, Timing, Waiting, Chord Dictionary, Keys To Success, Phrase Repeat, A-B Repeat\r\nТранспонування : Додаткова клавіатура для східного звукоряду\r\nАналогові виходи : PHONES / OUTPUT x 1\r\nВихід для навушників : Є\r\nІнтерфейси : Вхід для сустейн педалі\r\nMIDI : USB TO HOST\r\nUSB TO HOST : Є\r\nАкустика : 2 х 2.5 Вт (2 х 12 см)\r\nКонтролери : Висота тону, транспонування звукоряду\r\nРозміри : 945 х 122 х 369 мм\r\nВага : 4,6 кг\r\nДодатково : Вхід AUX IN з функцією Melody Suppressor, мережевий адаптер в комплекті\r\nВиробництво : Китай\r\nГарантія : 12 місяців + 12 місяців безкоштовного сервісного обслуговування\r\nХарчування : Мережевий адаптер PA-3C / PA-130', 18561.00, 1, 5, 4),
(19, 'YAMAHA MODX7+', 'Найважливішим елементом будь-якого інструменту є звук. MODX+ змушує всі елементи вашої музики звучати приголомшливо. MODX+ використовує ту ж технологію, як і флагманський MONTAGE: 128 нот поліфонії AWM2 (Advanced Wave Memory 2) синтезу для приголомшливої імітації акустичних інструментів, звуків синтезаторів та ударних. MODX+ також включає 128-нотну поліфонію FM-X (частотна модуляція) — унікальну, виразну технологію синтезу, що добре програмується, для створення динамічної сучасної електронної музики.\r\n\r\nДвигун AWM2 є ексклюзивним для синтезаторів Yamaha і пропонує набагато більше ніж просто відтворення семплів. Кожна з 16 партій AWM2 включає вісім програмованих синтезаторів з 18 різними типами фільтрів, генераторами амплітуди, висоти тону і фільтра огинаючої, дев\'ятьма осциляторами низької частоти, 3-смуговим еквалайзером і подвійним інсерт ефектом з моделюванням.\r\n\r\nВсе, що вам подобається у культовому DX7, відповідає останнім інноваціям Yamaha. FM-X відтворює класичний звук синтезатора 80-х або передового EDM з неймовірним динамічним діапазоном, потужністю та точністю. MODX+ виходить далеко за рамки можливостей оригінального DX7 завдяки 8-операторній FM-архітектурі, 128-нотній поліфонії, безлічі типів фільтрів та багато іншого. І з Motion Control для постійно розвиваються та змінюються текстур для створення унікальних звуків.\r\n\r\nSMART MORPH\r\n\r\nSmart Morph дозволяє здійснювати морфінг між звуками FM-X. Його складний Алгоритм Штучного Інтелекту створює інтерактивну карту морфінгу із восьми звуків FM-X. Ви можете грати на цій карті з сенсорного екрану або використовувати Super Knob для переміщення між двома точками. Результатом є приголомшлива кількість цікавих та інтерактивних нових звуків.\r\n\r\n256-НОТНА ПОЛІФОНІЯ\r\n\r\nMODX+ має 128-нотну стереополіфонію AWM2 та 128-нотну поліфонію FM-X. Завдяки унікальній архітектурі MODX+ та MONTAGE ця поліфонія завжди доступна без затримок та зниження ефективності інших функцій.\r\n\r\nВБУДОВА ПАМ\'ЯТЬ 1,75 ГБ\r\n\r\nЗбережіть свою музику миттєво. MODX+ включає 1,75 ГБ енергонезалежної користувальницької флеш-пам\'яті з малою затримкою і високою швидкістю читання/запису для ваших власних семплів або бібліотек синтезаторів.\r\n\r\nЕФЕКТИ\r\n\r\nMODX+ наповнений інноваціями в DSP, потужністю та якістю звуку, щоб надати вам все, від реверберації високої чіткості до деталізованих ефектів моделювання віртуальних ланцюгів (VCM). Отримайте звук EDM з такими ефектами, як Beat Repeat, Vinyl Break або Bit Crusher. Використовуйте ефект Spiralizer, щоб створити слухову ілюзію постійного підвищення або зниження висоти тону. Додайте компресор із сайдчейном для сучасного ефекту «присідання». Або використовуйте вінтажні ефекти, такі як Analog Delay, VCM Phaser або різні підсилювачі симулятори. Піаністи відчують себе на небесах або в якомусь іншому неймовірному просторі для виступів завдяки ефектам, орієнтованим на фортепіано, таким як Damper Resonance та HD-реверберація для суперреалістичних відчуттів від гри на фортепіано.\r\n\r\nАНАЛОГО-ЦИФРОВИЙ ВХІД\r\n\r\nСтерео аналогово-цифровий вхід дозволяє підключати зовнішні джерела, такі як аналогові синтезатори, вокал та інші інструменти системи управління MODX+. Це означає, що керування MODX+ виходить далеко за рамки простої обробки вбудованих ефектів. Керуйте окремими параметрами за допомогою фізичних елементів керування або використовуйте MODX+ для забезпечення невидимих рук за допомогою Motion Control. Додайте вокодер, повторювач огинаючої та автоматичної синхронізації бітів, і аналого-цифровий вхід на MODX+ стане самостійним інструментом.\r\n\r\nСАЙДЧЕЙН\r\n\r\nСайдчейн – це популярний ефект у сучасній танцювальній музиці, коли пед чи інша сустейн-партія «прив\'язується» до бочки. Коли грає бас-барабан, він приглушує основну партію, створюючи «ритмічний ефект, що накачує».\r\n\r\nКОНТЕНТ\r\n\r\nMODX+ - це не тільки приголомшливий синтезатор, але і платформа з контентом, що розширюється.\r\n\r\nSOUNDMONDO\r\n\r\nSoundmondo – це соціальна мережа для обміну звуками, яка дозволяє зберігати та викликати перфоманси MODX+ та MONTAGE, а також ділитися ними з іншими користувачами. Кожен збережений виступ може бути оцінений, названий і забезпечений зображенням користувача з вашої фотобібліотеки. Програма Soundmondo для iOS дозволяє завантажувати та завантажувати нові виконання безпосередньо в MODX+ за допомогою пристрою iOS.\r\n\r\nСУМІСНІСТЬ\r\n\r\nЗа умовчанням MODX+ надає вам доступ до всіх звуків, створених нашими звукорежисерами та артистами світового класу з того часу, як ми почали випускати синтезатори у 1974 році. У вас під рукою буде одна із найбільших звукових бібліотек на Землі.\r\n\r\nMOTIF XF/MOXF\r\n\r\nMODX+ безпосередньо сумісний з тембрами та виконанням MOTIF XS/XF.\r\n\r\nDX / ТX\r\n\r\nБезкоштовний веб-додаток FM-конвертера на YamahaSynth.com робить його сумісним із вмістом синтезатора DX7, DX7II, TX802 та TX816.\r\n\r\nBÖSENDORFER\r\n\r\nВ рамках представлення MODX+ компанія Yamaha рада запропонувати БЕЗКОШТОВНЕ завантаження чудового роялю Bösendorfer Imperial Premium Grand Piano всім зареєстрованим власникам MODX+.\r\n\r\nІНТЕГРАЦІЯ З DAW\r\n\r\nMODX+ Connect – це зручний інструмент, який дозволяє вам передавати дані між вашим комп\'ютером та MODX+. Дані композиції, створені на MODX+, можна перенести на комп\'ютер, а дані виконання, відредаговані на MODX+, можна зберегти як файл (.X7B) на комп\'ютері. MODX+ Connect, заснований на технології Steinberg VST3, працює як плагін VST3 із серією Cubase. MODX+ Connect також працює так само, як і інше програмне забезпечення VST-інструменту, дозволяючи вам зберігати відредаговані налаштування MODX+ або використовувати їх для іншого проекту. MODX+ Connect також працює як модуль AU, що підключається. Його також можна використовувати як окреме програмне забезпечення.\r\n\r\nБАГАТОКАНАЛЬНИЙ USB-АУДІОІНТЕРФЕЙС\r\n\r\nЯк і належить сучасному комп\'ютерному музичному продакшну, MODX+ оснащений професійним багатоканальним USB аудіоінтерфейсом з 4 входами та 10 виходами. У поєднанні з двома аналого-цифровими входами MODX+ є ідеальним центральним елементом будь-якої професійної студії звукозапису або живої комп\'ютерної установки. Підключення одним кабелем замінює необхідність зовнішнього аудіоінтерфейсу. iOS-сумісний.\r\n\r\nРИТМІЧНИЙ ПАТТЕРН\r\n\r\nБарабанник знову спізнюється? Ритмічний патерн MODX+ схожий на вбудовану драм-машину з легким доступом до тисяч патернів за допомогою кнопки на передній панелі. Швидко додавайте ритм при написанні пісень, репетиціях або очікуванні, поки барабанщик налаштується або з\'явиться.\r\n\r\nSUPER KNOB\r\n\r\nРегулятор Super Knob формує звук так само, як диригент грає в оркестрі. Він спрямовує окремі динамічні елементи у єдиний музичний вираз. Подібно до диригента, Super Knob може наказати одному музиканту включити звук, а іншому — зменшити звук. Ви можете змінити форму нот з довгих на короткі, з яскравих на темні або перемістити виконавця з близькості від вас в кінець концертного залу.\r\n\r\nРегулятор Super Knob дозволяє одночасно керувати 128 параметрами в одному перфомансі. Це означає, що ви можете керувати функціями мікшування, такими як гучність, панорамування та посилання на ефекти, або докладними параметрами синтезатора, такими як фільтри, LFO та оператори. Це 128 параметрів… Одночасно! Ви навіть можете керувати Super Knob за допомогою футконтролера FC7, що спрощує керування звуком при грі обома руками.\r\n\r\nMOTION SEQUENCES\r\n\r\nMotion Sequences — це синхронізовані за темпом керуючі послідовності, що повністю настроюються, які можна призначити практично будь-якому параметру синтезатора і які надають неймовірні нові способи створення звуку. Motion Sequences також мають спеціальні елементи керування на передній панелі, що спрощує керування та зміну в режимі реального часу, забезпечуючи неймовірну інтерактивність та виразність.\r\n\r\nENVELOPE FOLLOWER\r\n\r\nEnvelope Follower перетворює звук на джерело управління практично будь-яким параметром синтезатора. Наприклад, барабанний луп може керувати параметрами ефектів для класного ритму, а запис вокалу може керувати кількома параметрами для синтезатора, що «говорить». Звук може бути навіть живим джерелом через аналого-цифровий вхід.\r\n\r\nСИНХРОНІЗАЦІЯ ЗВУКОВОГО РИТМУ (AUDIO BEAT SYNC)\r\n\r\nAudio Beat Sync (ABS) визначає ритм зовнішнього пристрою, такого як електронна ударна установка, драм-машина або аудіоплеєр, підключеного до аналогово-цифрового входу, синхронізує арпеджіатор MODX+, моушн секвенсор або композиції з темпом зовнішнього входу. Синтезатор MODX+ «слухає» живу музику та грає в такт.\r\n\r\nКОЛЕСА ВИСОТИ ТОНУ І МОДУЛЯЦІЇ З ГУМОВИМ ПОКРИТТЯМ\r\n\r\nКолеса висоти тону та модуляції мають гумове покриття для зручності використання.\r\n\r\nХарактеристики:\r\n\r\nКількість клавіш: 76\r\nМеханіка клавіатури: динамічна напівзважена\r\nКришка клавіатури: Ні\r\nТон-генератор: Motion Control Synthesis Engine AMW2 (8 елементів), FM-X (8 операторів, 88 алгоритмів)\r\nДисплей: 7-дюймовий кольоровий сенсорний РК-дисплей на основі тонкоплівкової технології TFT, режим VGA\r\nПоліфонія: AWM2 - 128 голосів (макс.; стерео/моно хвильові форми), FM-X - 128 голоси (макс.)\r\nЗвуки: 16 партій (вбудовані), партії аудіовходу; Концертні набори (Live Set) - 256 вбудованих, 2048 користувальницьких\r\nКомпозиції: 128 композицій; арпеджіо - 8 одночасних партій (макс.), 10 239 вбудованих типів, 256 типів користувача\r\nЕфекти: 12 типів реверберації, 88 типів варіації, 88 типів* вставки (A, B), 26 типів основних ефектів, *83 типи вставки партії A/D (параметри вбудованих ефектів кожного типу представлені у вигляді шаблонів), основний еквалайзер (5 смуг ), еквалайзер 1-ї партії (3\r\nОпції: Зміна темпу, 18 типів фільтрів; 16 треків секвенсора, заміна у реальному часі, накладення у реальному часі, врізання у реальному часі;\r\nУправління: Загальна гучність, регулятор посилення входу AD, гучність USB, колесо зміни висоти тону, колесо модуляції, 4 повзунки, 4 регулятори, мультирегулятор Super Knob, набірний диск\r\nПедалі: 2 виходи для педалей\r\nЗ\'єднання: USB TO DEVICE, USB TO HOST, MIDI IN/OUT, FOOT CONTROLLER 1/2, FOOT SWITCH ASSIGNABLE/SUSTAIN, JACK OUTPUT L/MONO/R, Вихід для навушників, A/D JACK INPUT L/MONO/R\r\nІнше: запис – прибл. 130 000 нот, внутрішня пам\'ять для зберігання семплів - 1.75 ГБ\r\nРозміри: 1144х134х331 мм (ШхВхГ)\r\nВага: 7,4 кг', 78552.00, 1, 5, 4),
(20, 'Boss BD-2W', 'Основні особливості Boss BD-2W:Спеціальна версія класичної педалі BD-2 Blues Driver з голосом, який перемикається. Перероблена дискретна повністю аналогова схема забезпечує класичний характер BD-2 з додатковою чіткістю. Міні-перемикач дозволяє перемикатися між стандартним звуком BD-2 і власним голосом. Спеціальний режим пропонує додатковий обхват і витривалість, що ідеально підходить для сольного виконання. Обидва режими залишаються дуже чутливими до гучності та динаміки підбору.\r\n\r\nЯк частина лінійки Waza Craft від Boss, драйвер BD-2W Blues Driver надає вам культовий ламповий овердрайв із двома різними голосами. Набагато більше, ніж просто модифікований BD-2, Boss повністю переробив BD-2W, використовуючи дискретні аналогові компоненти преміум-класу та додавши налаштований шлях сигналу, до якого ви можете отримати доступ за допомогою перемикання міні-перемикача. У стандартному режимі BD-2W пропонує вам класичний димчастий і грубий тембр Blues Driver, тоді як користувальницький режим посилює низькі частоти і додає здорову дозу сустейну. Незалежно від того, який режим ви встановите, драйвер BD-2W Blues Driver обов’язково стане невід’ємною частиною вашого педалборду.', 7947.00, 1, 12, 5);
INSERT INTO `products` (`id`, `name`, `description`, `price`, `stock_quantity`, `manufacturer_id`, `category_id`) VALUES
(21, 'Boss CE-2W', 'Нова педаль Boss CE-2W є преміумним аналогом педалі та зроблена в Японії, на честь 40-ї річниці ефектів Boss. Зроблена в 1976 році Boss CE-2W була не лише першою педаллю ефектів Boss, а й першою у світі Chorus ефект у вигляді педалі. Через три роки, Chorus CE-2 приніс цей оригінальний ефект Boss до компактної лінійки педалей.\r\n\r\nДо ювілею 40-річчя інновацій та майстерності компанії Boss, Boss CE-2W повторює звуки цих легендарних педалей із розширеними функціями.\r\n\r\nУ 1975 році, Boss (материнська компанія Roland) вперше створила ефект \"Dimensional Space Chorus\" у знаменитому підсилювачі JC-120 Jazz Chorus.\r\n\r\nЗі стерео-педаллю CE-1, музиканти можуть досягти звуку Jazz Chorus з будь-якою установкою підсилювача. Моно CE-2 забезпечується зміна хоруса СЕ-1, з батарейним живленням примочки.\r\n\r\nСтандартний режим повністю відтворює оригінальний CE-2 звук, який тепер може бути додатково підвищений із вихідною стерео-можливістю CE-2W.\r\n\r\nРежим CE-1 включає як хорус так і вібрато, що достовірно відтворює звуки оригіналу. Ручки \"Rate\" та \"Depth\" забезпечують регулювання ефектів в обох режимах.\r\n\r\nУ режимі CE-1 ці елементи управління пропонують більшу звукову зміну, ніж оригінальна педаль, яка не була обладнана контролем глибини.', 11106.00, 1, 12, 5),
(22, 'FENDER PEDAL PINWHEEL ROTATY SPEAKER', 'Основні особливості педалі ефектів FENDER PEDAL PINWHEEL ROTATY SPEAKER: Педаль ефекту ротарі; Два режими швидкості (Slow/Fast); Вбудований ефект овердрайв; Динамічно чутлива частота модуляції; Стерео входи та виходи; Можливість переключення частотних характеристик для гітар і клавішних.\r\n\r\nКласичне звучання, досягнуте за допомогою органного спікера та підсилювача, ефект обертових динаміків став невід\'ємною частиною сучасної музики. Володіючи трьома різними видами звучання ефекту ротарі, включаючи фірмовий вібратон, педаль ефектів FENDER PEDAL PINWHEEL ROTATY SPEAKER дозволяє легко додати обертове звучання у ваш тональний інструментарій. Режими швидкості Slow і Fast дають налаштувати ідеальний звук для вашої музики, а вбудований ефект овердрайв додає текстуру вашому тону. Регулятор Sensitivity дає можливість змінювати частоту модуляції на основі динаміки вашої гри: включіть і інтенсивність збільшиться.\r\n\r\n', 8778.00, 1, 1, 5),
(23, 'YAMAHA RYDEEN (MELLOW YELLOW)', 'Ударні установки серії RYDEEN - чудовий вибір початківця барабанщика або музиканта, що шукає доступний, але якісний інструмент.\r\n\r\nМеханіка Yamaha\r\n\r\nОригінальна механіка Yamaha, в ударних установках Rydeen пройшла ретельний контроль якості і відрізняється надійністю і довговічністю. А стандартний для Yamaha діаметр трубок (22,2 мм) дозволяє легко змінювати конфігурацію барабанів відповідно до ваших потреб.\r\n\r\nОригінальний тримач томів\r\n\r\nТрадиційний для Yamaha оригінальний тримач томів з кульової голівкою не змінюється ось уже багато років. Великий, покритий дуже твердою гумою, куля обертається в красивому хромованому корпусі і фіксується зручним смушевим гвинтом з титану. За допомогою цього виключно зручного кріплення барабанщик може міцно зафіксувати томи в абсолютно будь-якому положенні.\r\n\r\nКорпус з тополі\r\n\r\nКорпус має найбільший вплив на резонансні характеристики барабана. Саме тому корпус Rydeen виготовлений з тополі матеріалу, що став справжньою класикою длявиготовлення барабанів. А перевірена часом 6-шарова структура корпусів барабанів Rydeen сприяє відмінній передачі коливань, забезпечуючи чудову динаміку і потужне об\'ємне звучання.\r\n\r\nРобочий пластик бас-барабана P3 type\r\n\r\nРобочий пластик бас-барабана обладнаний спеціальним демпфирующим кільцем, для зменшення небажаних призвуків при грі і більш чіткого і розбірливого звучання.\r\n\r\nКомплектація:\r\n\r\nБас-барабан: 22 x 16\r\nПідлоговий тому: 16 x 15\r\nТом-том: 10 x 7\r\nТом-том: 12 x 8\r\nДерев\'яний робочий барабан: 14 x 5,5\r\nТримач томів: CL940LB x 2\r\nПедаль для бас-барабана і стійки купуються окремо\r\nВиробництво : Китай', 20721.00, 1, 5, 7),
(24, 'YAMAHA STAGE CUSTOM BIRCH 2014 (RAVEN BLACK)', 'Барабанна установка YAMAHA Stage Custom Birch 2014 (Raven Black)\r\n\r\nЗ моменту появи в 1995 році барабанної установки Stage Custom, Yamaha встановила нові стандарти якості, надійності і чудового звучання.\r\n\r\nКорпуси з 100% берези\r\n\r\nКорпус має найбільший вплив на резонансні характеристики барабана. Саме тому корпусу Stage Custom зроблені цілком з берези класичного матеріалу, з якого виготовляються висококласні барабани. Більш того, 6-шарова структура корпусів барабанів Stage Custom сприяє відмінній передачі коливань, забезпечуючи цим барабанів міць і гучність, найбільшу серед інструментів цього класу.\r\n\r\nМеханіка\r\n\r\nКріплення підлогового тома YESS регулюється смушевим болтом.\r\nЛиті лаги бас-барабана з гумовими підкладками\r\nСистема кріплень Yamaha Enhanced Sustain System (YESS)\r\n\r\nСистема кріплень YESS має дві особливості: по-перше, забезпечується мінімальний контакт обичайки зі стійкою, а по-друге, кріплення розташовується в вузловій точці і практично не впливає на коливання корпусу. Нейлонові втулки, стане на місце стрижнів забезпечують максимальну стабільність кріплення.\r\n\r\nСистема кріплень YESS дозволяє закріпити томи близько один від одного і не заважає при заміні пластика. Підлоговим томів система кріплення YESS забезпечує широке відкрите тривалий звучання і прекрасну стійкість при найбільш енергійної грі.\r\n\r\n* Розміщення кріплень в вузлових точках запатентовано компанією Noble & Cooley Drum Company.\r\n\r\nКульова головка і затиск\r\n\r\nТрадиційний для Yamaha оригінальний тримач з кульової голівкою не сильно змінився за багато років. Великий, покритий дуже твердою гумою, куля обертається в красивому хромованому корпусі і фіксується зручним смушевим гвинтом з титану. За допомогою цього виключно зручного кріплення барабанщик може міцно зафіксувати барабани в абсолютно будь-якому положенні. Крім того, з його допомогою можна налаштувати нижній пластик, просто повертаючи барабан.\r\n\r\nЛиті лаги гачки бас-барабана\r\n\r\nОновлена ​​Stage Custom оснащується литими лагами для бас-барабана зі спеціальними прокладками з гуми для зменшення небажаних шумів і призвуків.\r\n\r\nНіжки бас-барабана\r\n\r\nНіжки бас-барабана Yamaha Stage Custom обладнані стопером для зручності регулювання.\r\n\r\nДодаткові повітряні отвори\r\n\r\nІсторично склалося так, що в більшості барабанів присутній лише одне повітряне отвір. Дослідивши особливості динаміки бас-барабана, інженери компанії Yamaha забезпечили його звичним повітряним отвором з боку барабанщика і додали ещ отвори, які розмістили навколо краю фронтальної частини корпусу барабана.\r\n\r\nТакі додаткові отвори дають можливість пропускати більшу кількість повітря і, в результаті внутрішнього збудження, дозволяють йому більше вивільнятися, забезпечуючи помітно більш комфортний рух калатала, краще контрольоване на відскоку. Зменшення вібрацій при прямому і зворотному русі калатала особливо помітно при використанні нового (переднього) пластика без отвору на фронтальну частину бас-барабана.\r\n\r\nКомплектація:\r\n\r\nБас-барабан: SBB2217 - 22 x 17\r\nПідлоговий тому: SBF1615 - 16 x 15\r\nТом-том: SBT1208 - 12 x 8\r\nТом-том: SBT1007 - 10 x 7\r\nДерев\'яний робочий барабан: SBS1455 - 14 x 5,5\r\nПодвійний тримач томів: TH945C\r\nКолір - Raven Black\r\n* - тарілки, стійки і педаль в комплект не входять\r\n\r\nВиробництво : Китай', 47676.00, 1, 5, 7),
(25, 'IBANEZ UKC100-OPN', 'Основні особливості укулеле IBANEZ UKC100-OPN: Дека розміру концерт створює повний звук із чудовою проєкцією; Конструкція із сапеле надає тепле, резонуюче звучання з невеликою яскравістю у верхньому діапазоні; Бічний звуковий отвір дозволяє чітко, напряму чути і відчувати свою гру; На грифі з окуме з накладкою із перплхарту легко грати; Кілки відкритого типу забезпечують неперевершену стабільність строю; Красиве тонке лакове покриття.\r\n\r\nIBANEZ UKC100-OPN — це привабливе укулеле як для початківців, так і для досвідчених музикантів. Дека із сапеле розміру концерт дає теплий, резонуючий звук із правильною кількістю яскравості у верхньому діапазоні. UKC100-OPN надає дивовижний рівень проєкції як для такого невеликого інструменту. Більше того, унікальний бічний звуковий отвір цього укулеле дозволяє чути і відчувати кожну ноту, яку ви граєте, чітко та напряму. Вам сподобається легка гра на грифі з окуме з накладкою із перплхарту. Кілки відкритого типу забезпечують неперевершену стабільність строю.\r\n\r\nУкулеле IBANEZ UKC100-OPN покрите тонким красивим лаком. На цьому інструменті весело грати, і він обов\'язково вас надихне.', 4620.00, 5, 3, 10),
(26, 'YAMAHA V3SKA 1/2', 'Yamaha V3SKA - це ідеальна акустична скрипка для музиканта.\r\n\r\nНадійність і прекрасне звучання\r\n\r\nКожен інструмент зібраний вручну з ретельно просушеної деревини, використовуючи традиційні методи у виробництві дорогих скрипок.\r\n\r\nНижня дека і обичайка V3SKA виготовлені з клена, а верхня дека виконана з ялини. Накладка грифа і колки з чорного дерева не тільки додають ефектності зовнішнім виглядом, але і забезпечують тривалий термін служби.\r\n\r\nВсе необхідне для старту в музиці\r\n\r\nV3SKA оснащена всім необхідним для старту в музиці: надійний кейс з ABS пластику, дерев\'яний смичок і каніфоль.\r\n\r\nГриф : Клен з накладкою з чорного дерева\r\nВерхня дека : Ялина\r\nОбечайка : Клен\r\nНижня дека : Клен\r\nСмичок : У комплекті (дерев\'яний)\r\nКаніфоль : У комплекті (міні каніфоль Yamaha)\r\nСтруни : DAddario Prelude\r\nДодатково : Пластиковий кейс в комплекті\r\nВиробництво : Китай\r\nГарантія : 12 місяців (на механічні компоненти) + 12 місяців безкоштовного сервісного обслуговування', 16647.00, 1, 5, 8),
(27, 'KORG OD-S', 'Створити з нуля свою власну педаль ефектів можливо за допомогою KORG OD-S. Отримайте масу веселощів від процесу створення та налаштування власної педалі ефекту овердрайв; пайка не потрібна!\r\n\r\nКрім того, OD-S оснащена потужною аналоговою тріодною вакуумною лампою Nutube для теплого звуку та насиченого гармонійного відгуку, який порадує всіх гітаристів.\r\n\r\nСтворіть свою власну педаль ефектів\r\nСтворення власної педалі може здатися складним завданням, у якому результати не гарантовані. KORG OD-S надає простий комплект, який не потребує пайки, з допомогою якого можна налаштувати тон овердрайву і він буде таким же особливим, як і ви.\r\n\r\nАвтентичний ламповий саунд\r\nNutube — це нова революційна аналогова тріодна вакуумна лампа, розроблена KORG і Noritake Itron Corporation. Як і звичайна вакуумна лампа, Nutube має анод, сітку та нитку розжарювання і працює, як повноцінна тріодна лампа, ефективно генерує такий же відгук і багаті гармонійні характеристики звичайних вакуумних ламп у більш компактний, стабільний і енергоефективний спосіб.\r\n\r\nБезліч звукових можливостей\r\nKORG OD-S має 2 регулятори Gain. На додачу до налаштування рівня вхідного сигналу для вакуумної лампи (Gain), навантаження на анод ланцюга посилення вакуумної лампи можна змінити за допомогою Tube Gain. Це дозволяє точно відрегулювати звук від вакуумної лампи за своїм смаком.\r\n\r\nKORG OD-S також включає перемикач, який дозволяє вибирати між 2 різними типами овердрайву (з різними діапазонами Low — High), і True Bypass, що робить її ідеальною педаллю для живих виступів. Для досвідчених користувачів, які хочуть додатково кастомізувати свій тон, зручна для модифікацій схема дозволяє змінювати окремі компоненти, щоб створити унікальну педаль, відповідно до бажаного тону і продуктивності. Можливості безмежні.', 3429.00, 1, 8, 5),
(28, 'BOSS FZ 5', 'Класичне звучання легендарних педалей Maestro FZ-1A, Octavia, Fuzz Face від компанії Boss повертається в сучасний світ. Сьогодні Boss FZ 5 підтверджує своє звання педалі, здатної відтворити розкіш вінтажного звучання рок-музики далеких 60-х та 70-х років. Тільки до цієї моделі додали регулятор Boost, який привнесе в звук трохи Overdrive.\r\n\r\nНова технологія для відтворення справжнього Fuzz\r\nУ педалі реалізували сучасну технологію складного моделювання звукових об\'єктів, відому як COSM. Як відомо, після того, як музичний інструмент виробляє звукове коливання, воно досягає нашого вуха за допомогою різних способів та об\'єктів, причому кожен із них у свою чергу впливає на цей звук. Тобто матеріал, з якого виготовлено гітару, її налаштування, магнітну або електричну систему посилення, навіть повітря і реверберацію приміщення – все це вплине на загальну картину звучання. COSM практично повноцінно відновлює усі ці об\'єкти. За допомогою передових технологій багаторазових методів моделювання, вона відтворює не лише природне живе звучання, а й звуки, які раніше ніхто не чув. Саме тому за допомогою Boss FZ 5 ваша гітара зазвучить максимально поддібно на інструмент легендарних музикантів із 60-70-х років.\r\n\r\nУправління та індикація\r\nЗа допомогою кількох контролерів ви зможете оперативно внести потрібні корекції домогтися потрібного звучання:\r\n\r\nконтролер Boost дасть можливість зробити звук більш агресивним;\r\nпри необхідності можна грати на більш чистому звуку – достатньо використовувати кнопку увімкнення/вимкнення ефекту Fuzz;\r\nручка Level призначена для регулювання рівня;\r\nручка Mode дозволить перемикатися між ефектами.\r\nІндикатор заряду батарейки Check завжди вчасно сповістить про те, що потрібно замінити елементи живлення. Але в будь-якому випадку ви завжди можете підключити Boss FZ 5 до мережі за допомогою блоку живлення, який купується окремо.\r\n\r\nЖивлення та корпус\r\nBoss FZ 5 працює не лише від мережевого блоку живлення, а й від батарейки, причому тривалість роботи у другому випадку становить 6-10 годин. Тому можете сміливо брати педаль із собою на репетицію чи концертне турне. Педаль поміщена в міцний і потужний металевий корпус, виконаний у найкращих традиціях Boss, завдяки яким усі пристрої стабільно працюють протягом напрочуд довгого періоду часу.', 6323.00, 0, 12, 5),
(29, 'KORG PA1000', 'Професійна Інструменти електромузичні робоча станція з автоаккомпонементом, 61 клавіша синтезаторного типу (напівзважена), MP3 плеєр, поліфонія 128 голосів, майстер еквалайзер, голосовий процесор, секвенсор, вбудована акустична система 2 х 33 Вт\r\n\r\nВперше KORG представляє новітню високопродуктивну аранжувальної станцію відомої серії PA. KORG PA1000 володіє чималою кількістю нових звуків (включаючи Defined Nuance Control для поліпшеної реалістичності), завдяки яким виступу залишаються свіжими і захоплюючими, а також величезним розширеним набором стилів, які покривають їхню музичні жанри всього світу. З\'єднайте це з потужною функціональністю, інтуїтивним призначеним для користувача інтерфейсом і насиченим звуком, і ви отримаєте аранжувальної станцію для найбільш проникливого і вимогливого музиканта.\r\nЗвуковий механізм KORG PA1000 використовує в 4 рази більше пам\'яті PCM, ніж бестселер KORG PA900, і розширює кількість користувальницької пам\'яті PCM до 600 МБ. Кількість призначених для користувача стилів зросла до 1152, що містить практично будь-який стиль з можливих. Покращена вбудована система динаміків створює сильний, насичений звук, посилений такими функціями, як гармонайзер для вокалу TC Helicon, подвійний МР3-плеєр з рекордером і подвійний кроссфейдовий секвенсер. Відеовихід стандартизований, тому ваша аудиторія може співати разом з текстом на екрані. KORG PA1000 помістив все це в високоякісний корпус з алюмінієвими вставками на бічних панелях елегантного обрамлення для вражаючого виду на будь-якій сцені!\r\n\r\nПовністю нове це додавання до KAOSS FX, яке дає вам креативний контроль на вашому виступі. Від тонкої трансформації між «Варіантами» і типами «Ударних установок», хорошого змішування між акомпанементом «Звуки», живого зміни поточних ритмів до найбільш радикальних кранчевий ефектів, використовуваних незліченною кількістю DJ, плівкових ділея і арпеджіо, ви можете додати мікшування до будь-якого стилю або MIDI-пісні за допомогою простих у використанні комп\'ютерних функцій композиції. Киньте виклик кордонів своєї музикальності!\r\n\r\nЗ більшою силою, ніж будь-коли, і численними довгоочікуваними новими функціями KORG PA1000 встановлює новий стандарт для аранжувальних станцій. Зробивши величезний стрибок вперед від легендарного бестселера KORG PA900, KORG підвищив планку пишноти, запропонувавши більш нові, більш реалістичні звуки і потужні нові функції, надані в відмінному дизайні по ще більш доступною ціною.\r\n\r\nХарактеристики:\r\n\r\nКатегорія: Професійні автоаранжіровщіков\r\nКількість клавіш: 61\r\nТип клавіатури: Синтезаторна / напівзважена\r\nРозмір клавіш: Стандартний\r\nРобота від батарей: Ні\r\nпослекасанію (after touch): Так\r\nСеквенсер: Є\r\nПоліфонія: 128 голосів\r\nКількість тембрів заводських: 1750 + 107 наборів ударних\r\nКількість тембрів користувача: 512 + 256 наборів ударних\r\nКількість барабанних сетів: 107 наборів ударних\r\nКількість стилів заводських: 430\r\nКількість стилів призначених для користувача: 1152 Отримати\r\nЕфекти Insert: Ефекти для акомпанементу / пісні: 2; Ефекти тембрів: 1\r\nЕфекти Master: ефекти для акомпанементу / пісні: 2; Ефекти тембрів: 2\r\nАудіо входи: 2 х Jack (1/4 \") лінійний\r\nАудіо виходи: 2 х Jack (1/4\") лінійний\r\nMIDI: In, Out\r\nUSB: 1 х Type A; 1 х Type B\r\nВходи управління: Assignable, Damper\r\nВихід на навушники: 1 х Jack (1/4 \")\r\nДодаткові входи / виходи: 1 х RCA Video Out\r\nХарактеристики секвенсера: 16 доріжок, до 200 000 подій\r\nНаявність мікрофона: Ні\r\nГолосовий процесор: Є\r\nmp3: Є\r\nТип носія: USB\r\nДоступні опції: Ножний контролер EXP-2; педаль Гучність / Експресії XVP-10; Демпферная педаль DS-1H; педаль-кнопка PS-1 , PS-3\r\nНаявність аксесуарів в комплекті: Пюпітр\r\nКолір: Червоний (панель управління чорного кольору)\r\nБлок живлення: Ні\r\nДодатково: Кольоровий сенсорний дисплей 7 \"; Функція семплування; Відео вихід; Бібліотека SongBook; Вокальний гармонайзер Technology by TC • Helicon®\r\nГарантія: 12 місяців\r\nКомплектація: Інструменти електромузичні станцій, пюпітр, мережевий кабель, керівництво користувача\r\nРозміри товару (без упаковки ): 1030 x 378.3 x 133 мм\r\nВага без упаковки (нетто): 10.75 кг\r\nЕлементи живлення: Ні\r\nТип елементів живлення: Ні\r\nКількість елементів живлення: Ні\r\nЕлементи живлення в комплекті: Ні', 110200.00, 2, 8, 4),
(30, 'UNIVERSAL AUDIO Astra Modulation Machine', 'Найкращі класичні хорус, фленжер/дабл-трек і лампове тремоло.\r\nПедаль ефектів UNIVERSAL AUDIO Astra Modulation Pedal заманює углиб кролячої нори класичної аналогової модуляції, забезпечуючи найбільш акустично автентичні ефекти хорус/вібрато на базі bucket-brigade, студійні фленжер/дабл-трек і лампове тремоло, поміщені в один корпус.\r\n\r\nСтворена на основі нової потужної подвійної обробки UAFX і незрівнянного аналогового реалізму, Astra Modulation Machine надає захопливу вінтажну модуляцію, красиво озвучену, щоб десятиліттями вас надихати.\r\n\r\nТЕПЕР ВИ МОЖЕТЕ:\r\nУдосконалювати своє звучання з культовим японським хорусом/вібрато на базі bucket-brigade 1976 року;\r\nДослідити межі можливого за допомогою легендарного студійного фленжера/дабл-треку на базі bucket-brigade;\r\nОтримати всі божественні переваги лампового тремоло 60-х прямо з ваших улюблених американських гітарних підсилювачів;\r\nОтримати швидкий доступ до звуків за допомогою режимів Live/Preset і грати з безшумним перемиканням, забарвленням передпідсилювача та з істинним/буферизованим байпасом;\r\nЗавантажити додаткові ефекти Phaser X90 і Dharma Trem 61 при реєстрації педалі;\r\nПобудувати свій педалборд на основі нестаріючого дизайну та майстерності Universal Audio, створених на роки.\r\nChorus Brigade: Культова японська модуляція\r\nПісля випуску в 1976 році ця легендарна педаль на базі bucket-brigade змінила звучання музики своїми насиченим хорусом і хвилеподібним вібрато. Режим Brigade Chorus дає найповнішу емуляцію схеми цього знакового пристрою, включаючи секцію передпідсилення для автентично насичених звуків, що дозволяє використовувати аналогові текстуру і тони, у такий спосіб додаючи яскравість і жвавість всьому, що ви граєте.\r\n\r\nFlanger/Doubler: Студійна класика\r\nОснащений технологією bucket-brigade кінця 70-х, цей класичний студійний фленжер/дабл-трек славиться своїми вражаючими ефектами «свисту», природним насиченням і безліччю диких звуків, які суттєво перевершують типові педалі цього ефекту. Flanger/Dblr в UNIVERSAL AUDIO Astra Modulation Machine — це єдина повна емуляція схеми цього дуже рідкісного пристрою, яка втілює його оригінальні функції та поміщає неймовірно густий, складний фленжер/дабл-трек прямо до ваших ніг.\r\n\r\nTrem 65: Автентичний ламповий підсилювач Shake\r\nМало що може зрівнятися з оптичним ламповим тремоло американських підсилювачів 60-х. Глибокий і хвилеподібний, Trem 65 — це достовірна емуляція цієї класичної схеми. Кожна динамічна деталь озвучена в стилі Universal Audio, аж до складних взаємодій між фоторезистором і лампою драйвера 12AT7. Крім того, ви можете піти далі і створити свої власні текстури з різноманітними синусоїдними та квадратними хвилями.\r\n\r\nПодвійна стереомодуляція для безмежної творчості\r\nРушій UAFX підтримує окремі стереопартії кожної модуляції завдяки унікальній подвійній обробці. Це схоже на одночасну роботу двох пристроїв на базі bucket-brigade або навіть двох схем тремоло, що дає повний стереозвук складних, вражаючих текстур.\r\n\r\nУльтрасучасна педаль\r\nЗавдяки сучасним потужним функціям, як-от студійна конверсія, подвійна обробка, додаткові ефекти, що завантажуються при реєстрації, режими Live/Preset та істинний/буферизований байпас з безшумним перемиканням, педаль ефектів UNIVERSAL AUDIO Astra Modulation Machine володіє вашими кольорами — розфарбуйте свій наступний шедевр.', 19190.00, 5, 11, 5),
(31, 'FENDER 150M Струни для електрогітар', '150M струни для електрогітари легендарної компанії FENDER мають калібрування: .011, .014, .018, .028, .038, та .049. Вони виготовлені з нікелю, що забезпечує високу якість звучання. Завдяки матеріалу з якого зроблені ці струни вони прослужать тривалий час і не підведуть у відповідальний момент. Ваша гітара буде мати дуже дзвінкий і яскравий тембр звучання. У комплекті йде 6 струн з натягом Medium.', 456.00, 1, 1, 11),
(32, 'GIBSON SEG-SA9 HUMBUCKER SPECIAL ALLOY .009-.042 Струни для електрогітар', 'Одна з найвідоміших торгових марок музичних інструментів і обладнання GIBSON представляє струни SEG-SA9 HUMBUCKER SPECIAL ALLOY WOUND для електрогітари, які зроблені спеціально для звукознімачів типу хамбакер. Вони виготовлені з особливого сплаву, завдяки чому не іржавіють і не рвуться. Товщина струн, що входять в комплект .009, .011, .016, .024, .032 та .042 і натяг Ultra Lights. Вакуумна упаковка оберігає їх від впливу зовнішнього середовища, тим самим подовжуючи термін використання.', 608.00, 1, 4, 11),
(33, 'Струни для електрогітари YAMAHA GSA50L Electric Light (10-46)', 'Струни для гітар - дуже важлива річ в нашому житті, і, хоча іноді здається, що вони такі маленькі, майже невидимі та зовсім не важливі, але це не так! Без них гітара - це всього лише палиця, яка не здатна видати звук. Ну а без цього звуку, у свою чергу, складно собі уявити музику, та й наше життя в цілому.\r\n\r\nХарактеристики:\r\nЛегкі (.010 - .046)\r\nНікельована сталь\r\nВідмінності та переваги\r\nСтруни для гітари не такі прості, як може здатися на перший погляд, а їх різноманітність воістину велика! Залежно від будови, калібру, типу обмотки, матеріалів з яких вони виготовляються змінюється і їх призначення, звучання, зовнішній вигляд.\r\n\r\nДля кого товар\r\nЯкщо ви шукаєте яскраве, кранчеве звучання з великим сустейном, ці струни - прекрасний вибір!', 234.00, 10, 5, 11),
(34, 'FENDER STRAP 2\" TOOLED LEATHER BLACK', 'Основні особливості гітарного ременя FENDER 2\" TOOLED LEATHER STRAP BLACK: Гітарний ремінь зі шкіри; Тиснений квітковий орнамент; Пряжка зі сріблястого нікелю; Ширина — 50.8 мм; Шкіряні кінці з логотипом \"F\"; Довжина регулюється від 1092.2 до 1372 мм; Зроблений у США.\r\n\r\nНатхненний ременями, прикрашеними всілякими візерунками, яким віддають перевагу вестерн-свінг і кантрі гітаристи, гітарний ремінь FENDER 2\" TOOLED LEATHER STRAP BLACK привносить класичний стиль у будь-який виступ. Цей 2-дюймовий ремінь з привабливим квітковим орнаментом вирізняється високим комфортом, якістю і естетикою. Шкіряні кінці преміум-класу мають логотип \"F\". Срібляста пряжка з нікелю дозволяє регулювати довжину від 1092.2 до 1372 мм, що підійти гравцям будь-якого зросту.\r\n\r\n', 2394.00, 1, 1, 13),
(35, 'IBANEZ GS64-RD', '266IBANEZ GS64-BK – міцний ремінь, зроблений з поліпропілену та представлений в привабливому червоному кольорі. Він підійде для будь-якої гітари, у будь-якій ситуації – чи то виступ, чи то репетиція, чи то посиденьки з друзями. Довжина регулюється до 1700 мм.\r\n\r\nХарактеристики', 266.00, 6, 3, 13),
(36, 'FENDER DRAGON CAPO BK', 'FENDER DRAGON CAPO BK - легкий і зручний у використанні каподастр, фірмовий аксесуар від знаменитого американського виробника. Ця модель призначена для шестиструнних електрогітар.\r\n\r\nFENDER DRAGON CAPO має ергономічну закруглену форму. Зручний тримач дозволяє швидко зафіксувати каподастр в потрібній позиції на грифі. Ніякого додаткового регулювання не потрібно. Спеціальні м\'які накладки захищають поверхню інструменту від подряпин, тому Ви можете не турбуватися за збереження покриття тильної сторони грифа.\r\n\r\nКаподастр міцний і при цьому дуже легкий, корпус виконаний з литого алюмінію. Модель представлена в чорному кольорі з контрастними білими смугами і логотипом Fender.', 722.00, 5, 1, 14),
(37, 'GIBSON APRGG-74T 1/2 GROSS BLACK STANDARD STYLE/THIN', 'Гітарний медіатор GIBSON APRGG-74T 1/2 GROSS BLACK STANDARD STYLE/THIN виготовляється з якісного целулоїду, в класичній округлій формі «351 shape». Зроблено в США.', 15.00, 20, 4, 12),
(38, 'FENDER 351 SHAPE PREMIUM PICKS CHECKER HEAVY', 'Випробуйте класичне відчуття Fender незалежно від того, на якій гітарі або бас-гітарі ви граєте. Медіатор Fender забезпечує комфорт під час гри, високу віддачу для кожного гравця. Різноманітність розмірів, форм і різна товщина підходять під стиль та вподобання будь-якого гітариста.\r\n\r\nFender вже протягом довгих років виготовляє медіатори з матеріалу преміумкласу целулоїд. Целулоїдні медіатори створюють природні відчуття під час гри з теплим, насиченим музичним тоном. Завдяки традиційній формі «351», найпопулярнішому дизайну медіатора, FENDER 351 SHAPE PREMIUM PICKS CHECKER HEAVY є ідеальним аксесуаром для гравців різних стилів і технік.', 16.00, 30, 1, 12),
(39, 'IBANEZ ACE161 SHELL HEAVY', 'Ibanez пропонує медіатори практично для всіх типів гри, медіатори відрізняються по відчуттях, функціональності та зовнішньому вигляду. Ibanez - це великий вибір кольорів, включаючи кольори металік. І різноманітність в дизайні, не забувши про класичну форму медіатора. Так само є іменні серії.\r\n\r\nIBANEZ ACE161 SHELL HEAVY: Матеріал - пластик. Форма - крапля. Колір - рябий.', 15.00, 40, 3, 12),
(43, 'rfrfref', 'esdfes', 21.00, 2, 1, 12);

--
-- Індекси збережених таблиць
--

--
-- Індекси таблиці `admins`
--
ALTER TABLE `admins`
  ADD PRIMARY KEY (`id`),
  ADD UNIQUE KEY `id` (`id`);

--
-- Індекси таблиці `categories`
--
ALTER TABLE `categories`
  ADD PRIMARY KEY (`id`),
  ADD UNIQUE KEY `category_id` (`id`);

--
-- Індекси таблиці `customers`
--
ALTER TABLE `customers`
  ADD PRIMARY KEY (`id`),
  ADD UNIQUE KEY `customer_id` (`id`),
  ADD UNIQUE KEY `customer_email` (`email`),
  ADD UNIQUE KEY `customer_phone` (`phone`),
  ADD KEY `customer_email_2` (`email`);

--
-- Індекси таблиці `manufacturers`
--
ALTER TABLE `manufacturers`
  ADD PRIMARY KEY (`id`),
  ADD UNIQUE KEY `manufacturer_id` (`id`);

--
-- Індекси таблиці `orders`
--
ALTER TABLE `orders`
  ADD PRIMARY KEY (`id`),
  ADD UNIQUE KEY `order_id` (`id`),
  ADD KEY `customer_id` (`customer_id`);

--
-- Індекси таблиці `order_items`
--
ALTER TABLE `order_items`
  ADD PRIMARY KEY (`id`),
  ADD UNIQUE KEY `order_items_id` (`id`),
  ADD KEY `product_id` (`product_id`),
  ADD KEY `order_id` (`order_id`);

--
-- Індекси таблиці `products`
--
ALTER TABLE `products`
  ADD PRIMARY KEY (`id`),
  ADD UNIQUE KEY `product_id` (`id`),
  ADD KEY `category_id` (`category_id`),
  ADD KEY `manufacturer_id` (`manufacturer_id`);

--
-- AUTO_INCREMENT для збережених таблиць
--

--
-- AUTO_INCREMENT для таблиці `admins`
--
ALTER TABLE `admins`
  MODIFY `id` bigint(20) UNSIGNED NOT NULL AUTO_INCREMENT, AUTO_INCREMENT=3;

--
-- AUTO_INCREMENT для таблиці `categories`
--
ALTER TABLE `categories`
  MODIFY `id` bigint(20) UNSIGNED NOT NULL AUTO_INCREMENT, AUTO_INCREMENT=18;

--
-- AUTO_INCREMENT для таблиці `customers`
--
ALTER TABLE `customers`
  MODIFY `id` bigint(20) UNSIGNED NOT NULL AUTO_INCREMENT, AUTO_INCREMENT=16;

--
-- AUTO_INCREMENT для таблиці `manufacturers`
--
ALTER TABLE `manufacturers`
  MODIFY `id` bigint(20) UNSIGNED NOT NULL AUTO_INCREMENT, AUTO_INCREMENT=15;

--
-- AUTO_INCREMENT для таблиці `orders`
--
ALTER TABLE `orders`
  MODIFY `id` bigint(20) UNSIGNED NOT NULL AUTO_INCREMENT, AUTO_INCREMENT=16;

--
-- AUTO_INCREMENT для таблиці `order_items`
--
ALTER TABLE `order_items`
  MODIFY `id` bigint(20) UNSIGNED NOT NULL AUTO_INCREMENT, AUTO_INCREMENT=17;

--
-- AUTO_INCREMENT для таблиці `products`
--
ALTER TABLE `products`
  MODIFY `id` bigint(20) UNSIGNED NOT NULL AUTO_INCREMENT, AUTO_INCREMENT=44;

--
-- Обмеження зовнішнього ключа збережених таблиць
--

--
-- Обмеження зовнішнього ключа таблиці `orders`
--
ALTER TABLE `orders`
  ADD CONSTRAINT `orders_ibfk_1` FOREIGN KEY (`customer_id`) REFERENCES `customers` (`id`) ON DELETE CASCADE ON UPDATE CASCADE;

--
-- Обмеження зовнішнього ключа таблиці `order_items`
--
ALTER TABLE `order_items`
  ADD CONSTRAINT `order_items_ibfk_1` FOREIGN KEY (`order_id`) REFERENCES `orders` (`id`) ON DELETE CASCADE ON UPDATE CASCADE,
  ADD CONSTRAINT `order_items_ibfk_2` FOREIGN KEY (`product_id`) REFERENCES `products` (`id`) ON DELETE CASCADE ON UPDATE CASCADE;

--
-- Обмеження зовнішнього ключа таблиці `products`
--
ALTER TABLE `products`
  ADD CONSTRAINT `products_ibfk_1` FOREIGN KEY (`category_id`) REFERENCES `categories` (`id`) ON DELETE CASCADE ON UPDATE CASCADE,
  ADD CONSTRAINT `products_ibfk_2` FOREIGN KEY (`manufacturer_id`) REFERENCES `manufacturers` (`id`) ON DELETE CASCADE ON UPDATE CASCADE;
COMMIT;

/*!40101 SET CHARACTER_SET_CLIENT=@OLD_CHARACTER_SET_CLIENT */;
/*!40101 SET CHARACTER_SET_RESULTS=@OLD_CHARACTER_SET_RESULTS */;
/*!40101 SET COLLATION_CONNECTION=@OLD_COLLATION_CONNECTION */;
